#
# There is insufficient memory for the Java Runtime Environment to continue.
# Native memory allocation (mmap) failed to map 286261248 bytes. Error detail: G1 virtual space
# Possible reasons:
#   The system is out of physical RAM or swap space
#   This process is running with CompressedOops enabled, and the Java Heap may be blocking the growth of the native heap
# Possible solutions:
#   Reduce memory load on the system
#   Increase physical memory or swap space
#   Check if swap backing store is full
#   Decrease Java heap size (-Xmx/-Xms)
#   Decrease number of Java threads
#   Decrease Java thread stack sizes (-Xss)
#   Set larger code cache with -XX:ReservedCodeCacheSize=
#   JVM is running with Unscaled Compressed Oops mode in which the Java heap is
#     placed in the first 4GB address space. The Java Heap base address is the
#     maximum limit for the native heap growth. Please use -XX:HeapBaseMinAddress
#     to set the Java Heap base and to place the Java Heap above 4GB virtual address.
# This output file may be truncated or incomplete.
#
#  Out of Memory Error (os_windows.cpp:3707), pid=352, tid=6184
#
# JRE version: OpenJDK Runtime Environment Temurin-23.0.2+7 (23.0.2+7) (build 23.0.2+7)
# Java VM: OpenJDK 64-Bit Server VM Temurin-23.0.2+7 (23.0.2+7, mixed mode, sharing, tiered, compressed oops, compressed class ptrs, g1 gc, windows-amd64)
# No core dump will be written. Minidumps are not enabled by default on client versions of Windows
#

---------------  S U M M A R Y ------------

Command Line: -XX:CompileCommand=exclude org.eclipse.jdt.internal.core.dom.rewrite.ASTRewriteAnalyzer::getExtendedRange -Dorg.eclipse.ecf.provider.filetransfer.excludeContributors=org.eclipse.ecf.provider.filetransfer.httpclientjava -Dosgi.requiredJavaVersion=21 -Dosgi.instance.area.default=@user.home/eclipse-workspace -Dosgi.dataAreaRequiresExplicitInit=true -Dorg.eclipse.swt.graphics.Resource.reportNonDisposed=true -Declipse.e4.inject.javax.warning=false -Xms256m -Xmx2048m -XX:+UseG1GC -XX:+UseStringDeduplication --add-modules=ALL-SYSTEM -Djava.security.manager=allow -Djavax.net.ssl.trustStoreType=Windows-ROOT -Djavax.net.ssl.trustStore=NONE -Declipse.p2.max.threads=10 -Doomph.update.url=https://download.eclipse.org/oomph/updates/milestone/latest -Doomph.redirection.index.redirection=index:/->https://raw.githubusercontent.com/eclipse-oomph/oomph/master/setups/ --add-opens=java.base/java.lang=ALL-UNNAMED Eclipse

Host: AMD Ryzen 3 7320U with Radeon Graphics         , 8 cores, 3G,  Windows 11 , 64 bit Build 22621 (10.0.22621.3958)
Time: Fri Mar  7 13:27:30 2025 India Standard Time elapsed time: 616.422509 seconds (0d 0h 10m 16s)

---------------  T H R E A D  ---------------

Current thread (0x000001d2753fc500):  VMThread "VM Thread"          [id=6184, stack(0x00000089f7400000,0x00000089f7500000) (1024K)]

Stack: [0x00000089f7400000,0x00000089f7500000]
Native frames: (J=compiled Java code, j=interpreted, Vv=VM code, C=native code)
V  [jvm.dll+0x6e8fa9]  (no source info available)
V  [jvm.dll+0x8d96b3]  (no source info available)
V  [jvm.dll+0x8dbb3e]  (no source info available)
V  [jvm.dll+0x8dc213]  (no source info available)
V  [jvm.dll+0x281bc6]  (no source info available)
V  [jvm.dll+0x6e5885]  (no source info available)
V  [jvm.dll+0x6d980a]  (no source info available)
V  [jvm.dll+0x36271a]  (no source info available)
V  [jvm.dll+0x36ab46]  (no source info available)
V  [jvm.dll+0x3570ee]  (no source info available)
V  [jvm.dll+0x357388]  (no source info available)
V  [jvm.dll+0x32fd1c]  (no source info available)
V  [jvm.dll+0x32fdaa]  (no source info available)
V  [jvm.dll+0x37b3b2]  (no source info available)
V  [jvm.dll+0x379abc]  (no source info available)
V  [jvm.dll+0x32f507]  (no source info available)
V  [jvm.dll+0x3791c4]  (no source info available)
V  [jvm.dll+0x8e209f]  (no source info available)
V  [jvm.dll+0x8e33b6]  (no source info available)
V  [jvm.dll+0x8e38e8]  (no source info available)
V  [jvm.dll+0x8e3b83]  (no source info available)
V  [jvm.dll+0x88062b]  (no source info available)
V  [jvm.dll+0x6e77b5]  (no source info available)
C  [ucrtbase.dll+0x29333]  (no source info available)
C  [KERNEL32.DLL+0x1257d]  (no source info available)
C  [ntdll.dll+0x5af08]  (no source info available)

VM_Operation (0x00000089fb8fe280): G1CollectForAllocation, mode: safepoint, requested by thread 0x000001d25bc81f50


---------------  P R O C E S S  ---------------

Threads class SMR info:
_java_thread_list=0x000001d27a982690, length=54, elements={
0x000001d26ea3f620, 0x000001d275418b20, 0x000001d275419580, 0x000001d27541b8e0,
0x000001d27541c340, 0x000001d2754251c0, 0x000001d275427c30, 0x000001d27542cde0,
0x000001d2754318b0, 0x000001d27543e050, 0x000001d2501fdd90, 0x000001d2501fc350,
0x000001d2501feab0, 0x000001d2501fc9e0, 0x000001d2501fd070, 0x000001d2501fbcc0,
0x000001d2501ff140, 0x000001d25094e980, 0x000001d25094bb90, 0x000001d257c00f30,
0x000001d257c02970, 0x000001d257c015c0, 0x000001d257c01c50, 0x000001d257c03000,
0x000001d257c008a0, 0x000001d256a4acf0, 0x000001d256a4c730, 0x000001d256a45e30,
0x000001d256a4d450, 0x000001d256a47870, 0x000001d25b85ba40, 0x000001d25b862340,
0x000001d25b85c760, 0x000001d25b85db10, 0x000001d25bc7fe80, 0x000001d25bc7ca00,
0x000001d25bc81f50, 0x000001d25bc7ddb0, 0x000001d25bc825e0, 0x000001d25c444640,
0x000001d25c447ac0, 0x000001d25c442570, 0x000001d256a47f00, 0x000001d25c446080,
0x000001d256a49940, 0x000001d256a492b0, 0x000001d256a4cdc0, 0x000001d256a464c0,
0x000001d25bc7bce0, 0x000001d25bc7afc0, 0x000001d25b85f550, 0x000001d25b85fbe0,
0x000001d257a50520, 0x000001d257a51f60
}

Java Threads: ( => current thread )
  0x000001d26ea3f620 JavaThread "main"                              [_thread_blocked, id=14376, stack(0x00000089f6a00000,0x00000089f6b00000) (1024K)]
  0x000001d275418b20 JavaThread "Reference Handler"          daemon [_thread_blocked, id=7048, stack(0x00000089f7500000,0x00000089f7600000) (1024K)]
  0x000001d275419580 JavaThread "Finalizer"                  daemon [_thread_blocked, id=6400, stack(0x00000089f7600000,0x00000089f7700000) (1024K)]
  0x000001d27541b8e0 JavaThread "Signal Dispatcher"          daemon [_thread_blocked, id=9556, stack(0x00000089f7700000,0x00000089f7800000) (1024K)]
  0x000001d27541c340 JavaThread "Attach Listener"            daemon [_thread_blocked, id=6120, stack(0x00000089f7800000,0x00000089f7900000) (1024K)]
  0x000001d2754251c0 JavaThread "Service Thread"             daemon [_thread_blocked, id=11380, stack(0x00000089f7900000,0x00000089f7a00000) (1024K)]
  0x000001d275427c30 JavaThread "Monitor Deflation Thread"   daemon [_thread_blocked, id=4796, stack(0x00000089f7a00000,0x00000089f7b00000) (1024K)]
  0x000001d27542cde0 JavaThread "C2 CompilerThread0"         daemon [_thread_blocked, id=7436, stack(0x00000089f7b00000,0x00000089f7c00000) (1024K)]
  0x000001d2754318b0 JavaThread "C1 CompilerThread0"         daemon [_thread_blocked, id=12604, stack(0x00000089f7c00000,0x00000089f7d00000) (1024K)]
  0x000001d27543e050 JavaThread "StringDedupThread"          daemon [_thread_blocked, id=456, stack(0x00000089f7d00000,0x00000089f7e00000) (1024K)]
  0x000001d2501fdd90 JavaThread "Common-Cleaner"             daemon [_thread_blocked, id=25424, stack(0x00000089f7e00000,0x00000089f7f00000) (1024K)]
  0x000001d2501fc350 JavaThread "Notification Thread"        daemon [_thread_blocked, id=6172, stack(0x00000089f7f00000,0x00000089f8000000) (1024K)]
  0x000001d2501feab0 JavaThread "Active Thread: Equinox Container: 43b2f3b1-284d-409d-bc8b-95a612acc897"        [_thread_blocked, id=21468, stack(0x00000089f8700000,0x00000089f8800000) (1024K)]
  0x000001d2501fc9e0 JavaThread "Framework Event Dispatcher: Equinox Container: 43b2f3b1-284d-409d-bc8b-95a612acc897" daemon [_thread_blocked, id=12596, stack(0x00000089f8800000,0x00000089f8900000) (1024K)]
  0x000001d2501fd070 JavaThread "Start Level: Equinox Container: 43b2f3b1-284d-409d-bc8b-95a612acc897" daemon [_thread_blocked, id=10568, stack(0x00000089f8900000,0x00000089f8a00000) (1024K)]
  0x000001d2501fbcc0 JavaThread "Bundle File Closer"         daemon [_thread_blocked, id=13620, stack(0x00000089f8d00000,0x00000089f8e00000) (1024K)]
  0x000001d2501ff140 JavaThread "SCR Component Actor"        daemon [_thread_blocked, id=13224, stack(0x00000089f6b00000,0x00000089f6c00000) (1024K)]
  0x000001d25094e980 JavaThread "EMF Reference Cleaner"      daemon [_thread_blocked, id=25192, stack(0x00000089f8e00000,0x00000089f8f00000) (1024K)]
  0x000001d25094bb90 JavaThread "Worker-JM"                         [_thread_blocked, id=23860, stack(0x00000089f9000000,0x00000089f9100000) (1024K)]
  0x000001d257c00f30 JavaThread "Gogo shell"                        [_thread_blocked, id=580, stack(0x00000089f9200000,0x00000089f9300000) (1024K)]
  0x000001d257c02970 JavaThread "JNA Cleaner"                daemon [_thread_blocked, id=7364, stack(0x00000089f9900000,0x00000089f9a00000) (1024K)]
  0x000001d257c015c0 JavaThread "Worker-0"                          [_thread_blocked, id=6164, stack(0x00000089f9a00000,0x00000089f9b00000) (1024K)]
  0x000001d257c01c50 JavaThread "Git Repository Closer"      daemon [_thread_blocked, id=3972, stack(0x00000089f9b00000,0x00000089f9c00000) (1024K)]
  0x000001d257c03000 JavaThread "VirtualThread-unparker"     daemon [_thread_blocked, id=6664, stack(0x00000089f9d00000,0x00000089f9e00000) (1024K)]
  0x000001d257c008a0 JavaThread "Java indexing"              daemon [_thread_blocked, id=2844, stack(0x00000089f9700000,0x00000089f9800000) (1024K)]
  0x000001d256a4acf0 JavaThread "org.eclipse.jdt.internal.ui.text.JavaReconciler" daemon [_thread_blocked, id=11928, stack(0x00000089f6c00000,0x00000089f6d00000) (1024K)]
  0x000001d256a4c730 JavaThread "EventAdmin Async Event Dispatcher Thread" daemon [_thread_blocked, id=3252, stack(0x00000089fa100000,0x00000089fa200000) (1024K)]
  0x000001d256a45e30 JavaThread "Worker-4"                          [_thread_blocked, id=16896, stack(0x00000089fa600000,0x00000089fa700000) (1024K)]
  0x000001d256a4d450 JavaThread "Worker-5"                          [_thread_blocked, id=16640, stack(0x00000089fa700000,0x00000089fa800000) (1024K)]
  0x000001d256a47870 JavaThread "Worker-7"                          [_thread_blocked, id=9024, stack(0x00000089fa900000,0x00000089faa00000) (1024K)]
  0x000001d25b85ba40 JavaThread "Worker-9"                          [_thread_blocked, id=16060, stack(0x00000089fab00000,0x00000089fac00000) (1024K)]
  0x000001d25b862340 JavaThread "Worker-11"                         [_thread_blocked, id=5560, stack(0x00000089fad00000,0x00000089fae00000) (1024K)]
  0x000001d25b85c760 JavaThread "pool-1-thread-1"                   [_thread_blocked, id=312, stack(0x00000089faf00000,0x00000089fb000000) (1024K)]
  0x000001d25b85db10 JavaThread "pool-2-thread-1"                   [_thread_blocked, id=19604, stack(0x00000089fb000000,0x00000089fb100000) (1024K)]
  0x000001d25bc7fe80 JavaThread "Worker-12"                         [_thread_blocked, id=16136, stack(0x00000089f9c00000,0x00000089f9d00000) (1024K)]
  0x000001d25bc7ca00 JavaThread "Worker-13"                         [_thread_blocked, id=14248, stack(0x00000089fa200000,0x00000089fa300000) (1024K)]
  0x000001d25bc81f50 JavaThread "Worker-14: Building"               [_thread_blocked, id=2420, stack(0x00000089fb800000,0x00000089fb900000) (1024K)]
  0x000001d25bc7ddb0 JavaThread "Worker-15"                         [_thread_blocked, id=14848, stack(0x00000089fb900000,0x00000089fba00000) (1024K)]
  0x000001d25bc825e0 JavaThread "Worker-17"                         [_thread_blocked, id=17156, stack(0x00000089fbb00000,0x00000089fbc00000) (1024K)]
  0x000001d25c444640 JavaThread "Thread-11"                         [_thread_blocked, id=7708, stack(0x00000089fb200000,0x00000089fb300000) (1024K)]
  0x000001d25c447ac0 JavaThread "Provisioning Event Dispatcher" daemon [_thread_blocked, id=9852, stack(0x00000089fb300000,0x00000089fb400000) (1024K)]
  0x000001d25c442570 JavaThread "org.eclipse.jdt.internal.ui.text.JavaReconciler" daemon [_thread_blocked, id=18648, stack(0x00000089fc200000,0x00000089fc300000) (1024K)]
  0x000001d256a47f00 JavaThread "pool-3-thread-1"                   [_thread_blocked, id=22680, stack(0x00000089f9400000,0x00000089f9500000) (1024K)]
  0x000001d25c446080 JavaThread "ForkJoinPool.commonPool-worker-8" daemon [_thread_blocked, id=9812, stack(0x00000089f9e00000,0x00000089f9f00000) (1024K)]
  0x000001d256a49940 JavaThread "ForkJoinPool.commonPool-worker-9" daemon [_thread_blocked, id=8860, stack(0x00000089fa000000,0x00000089fa100000) (1024K)]
  0x000001d256a492b0 JavaThread "ForkJoinPool.commonPool-worker-10" daemon [_thread_blocked, id=21884, stack(0x00000089fa500000,0x00000089fa600000) (1024K)]
  0x000001d256a4cdc0 JavaThread "ForkJoinPool.commonPool-worker-11" daemon [_thread_blocked, id=15560, stack(0x00000089fa800000,0x00000089fa900000) (1024K)]
  0x000001d256a464c0 JavaThread "ForkJoinPool.commonPool-worker-12" daemon [_thread_blocked, id=20016, stack(0x00000089fac00000,0x00000089fad00000) (1024K)]
  0x000001d25bc7bce0 JavaThread "ForkJoinPool.commonPool-worker-13" daemon [_thread_blocked, id=13712, stack(0x00000089fb100000,0x00000089fb200000) (1024K)]
  0x000001d25bc7afc0 JavaThread "ForkJoinPool.commonPool-worker-14" daemon [_thread_blocked, id=592, stack(0x00000089fb400000,0x00000089fb500000) (1024K)]
  0x000001d25b85f550 JavaThread "ForkJoinPool-2-worker-18"   daemon [_thread_blocked, id=2552, stack(0x00000089f8f00000,0x00000089f9000000) (1024K)]
  0x000001d25b85fbe0 JavaThread "ForkJoinPool-2-worker-19"   daemon [_thread_blocked, id=24740, stack(0x00000089f9f00000,0x00000089fa000000) (1024K)]
  0x000001d257a50520 JavaThread "Compiler Source File Reader" daemon [_thread_blocked, id=5656, stack(0x00000089fa300000,0x00000089fa400000) (1024K)]
  0x000001d257a51f60 JavaThread "Compiler Processing Task"   daemon [_thread_blocked, id=24432, stack(0x00000089fb500000,0x00000089fb600000) (1024K)]
Total: 54

Other Threads:
=>0x000001d2753fc500 VMThread "VM Thread"                           [id=6184, stack(0x00000089f7400000,0x00000089f7500000) (1024K)]
  0x000001d2500dcc10 WatcherThread "VM Periodic Task Thread"        [id=17000, stack(0x00000089f7300000,0x00000089f7400000) (1024K)]
  0x000001d26ea92e30 WorkerThread "GC Thread#0"                     [id=15512, stack(0x00000089f6e00000,0x00000089f6f00000) (1024K)]
  0x000001d25085e6d0 WorkerThread "GC Thread#1"                     [id=20892, stack(0x00000089f8000000,0x00000089f8100000) (1024K)]
  0x000001d2552efb80 WorkerThread "GC Thread#2"                     [id=13008, stack(0x00000089f8100000,0x00000089f8200000) (1024K)]
  0x000001d2552eff30 WorkerThread "GC Thread#3"                     [id=9360, stack(0x00000089f8200000,0x00000089f8300000) (1024K)]
  0x000001d2552f02e0 WorkerThread "GC Thread#4"                     [id=19736, stack(0x00000089f8300000,0x00000089f8400000) (1024K)]
  0x000001d2552f0690 WorkerThread "GC Thread#5"                     [id=17464, stack(0x00000089f8400000,0x00000089f8500000) (1024K)]
  0x000001d250d5e850 WorkerThread "GC Thread#6"                     [id=3356, stack(0x00000089f8500000,0x00000089f8600000) (1024K)]
  0x000001d250d5ec00 WorkerThread "GC Thread#7"                     [id=21832, stack(0x00000089f8600000,0x00000089f8700000) (1024K)]
  0x000001d26ea9bcf0 ConcurrentGCThread "G1 Main Marker"            [id=17516, stack(0x00000089f6f00000,0x00000089f7000000) (1024K)]
  0x000001d26ea9d620 WorkerThread "G1 Conc#0"                       [id=12120, stack(0x00000089f7000000,0x00000089f7100000) (1024K)]
  0x000001d255790bc0 WorkerThread "G1 Conc#1"                       [id=17644, stack(0x00000089f9300000,0x00000089f9400000) (1024K)]
  0x000001d275390dd0 ConcurrentGCThread "G1 Refine#0"               [id=2652, stack(0x00000089f7100000,0x00000089f7200000) (1024K)]
  0x000001d275394710 ConcurrentGCThread "G1 Service"                [id=12164, stack(0x00000089f7200000,0x00000089f7300000) (1024K)]
Total: 15

Threads with active compile tasks:
C2 CompilerThread0  617020 25234       4       org.eclipse.jdt.internal.compiler.lookup.LookupEnvironment::getTypeFromTypeSignature (770 bytes)
Total: 1

VM state: at safepoint (normal execution)

VM Mutex/Monitor currently owned by a thread:  ([mutex/lock_event])
[0x00007ffb06d7cce8] Threads_lock - owner thread: 0x000001d2753fc500
[0x00007ffb06d7cde8] Heap_lock - owner thread: 0x000001d25bc81f50

Heap address: 0x0000000080000000, size: 2048 MB, Compressed Oops mode: 32-bit

CDS archive(s) mapped at: [0x000001d20f000000-0x000001d20fd70000-0x000001d20fd70000), size 14090240, SharedBaseAddress: 0x000001d20f000000, ArchiveRelocationMode: 1.
Compressed class space mapped at: 0x000001d210000000-0x000001d250000000, reserved size: 1073741824
Narrow klass base: 0x000001d20f000000, Narrow klass shift: 0, Narrow klass range: 0x41000000

GC Precious Log:
 CardTable entry size: 512
 Card Set container configuration: InlinePtr #cards 5 size 8 Array Of Cards #cards 10 size 36 Howl #buckets 4 coarsen threshold 1843 Howl Bitmap #cards 512 size 80 coarsen threshold 460 Card regions per heap region 1 cards per card region 2048
 CPUs: 8 total, 8 available
 Memory: 3317M
 Large Page Support: Disabled
 NUMA Support: Disabled
 Compressed Oops: Enabled (32-bit)
 Heap Region Size: 1M
 Heap Min Capacity: 256M
 Heap Initial Capacity: 256M
 Heap Max Capacity: 2G
 Pre-touch: Disabled
 Parallel Workers: 8
 Concurrent Workers: 2
 Concurrent Refinement Workers: 8
 Periodic GC: Disabled
 String Deduplication is enabled

Heap:
 garbage-first heap   total reserved 2097152K, committed 619520K, used 242688K [0x0000000080000000, 0x0000000100000000)
  region size 1024K, 13 young (13312K), 13 survivors (13312K)
 Metaspace       used 135076K, committed 138496K, reserved 1179648K
  class space    used 16268K, committed 17664K, reserved 1048576K

Heap Regions: E=young(eden), S=young(survivor), O=old, HS=humongous(starts), HC=humongous(continues), CS=collection set, F=free, TAMS=top-at-mark-start, PB=parsable bottom
|   0|0x0000000080000000, 0x0000000080100000, 0x0000000080100000|100%| O|  |TAMS 0x0000000080000000| PB 0x0000000080000000| Untracked |  0
|   1|0x0000000080100000, 0x0000000080200000, 0x0000000080200000|100%| O|  |TAMS 0x0000000080100000| PB 0x0000000080100000| Untracked |  0
|   2|0x0000000080200000, 0x0000000080300000, 0x0000000080300000|100%| O|  |TAMS 0x0000000080200000| PB 0x0000000080200000| Untracked |  0
|   3|0x0000000080300000, 0x0000000080400000, 0x0000000080400000|100%| O|  |TAMS 0x0000000080300000| PB 0x0000000080300000| Untracked |  0
|   4|0x0000000080400000, 0x0000000080500000, 0x0000000080500000|100%| O|  |TAMS 0x0000000080400000| PB 0x0000000080400000| Untracked |  0
|   5|0x0000000080500000, 0x0000000080600000, 0x0000000080600000|100%| O|  |TAMS 0x0000000080500000| PB 0x0000000080500000| Untracked |  0
|   6|0x0000000080600000, 0x0000000080700000, 0x0000000080700000|100%| O|  |TAMS 0x0000000080600000| PB 0x0000000080600000| Untracked |  0
|   7|0x0000000080700000, 0x0000000080800000, 0x0000000080800000|100%| O|  |TAMS 0x0000000080700000| PB 0x0000000080700000| Untracked |  0
|   8|0x0000000080800000, 0x0000000080900000, 0x0000000080900000|100%|HS|  |TAMS 0x0000000080800000| PB 0x0000000080800000| Complete |  0
|   9|0x0000000080900000, 0x0000000080a00000, 0x0000000080a00000|100%| O|  |TAMS 0x0000000080900000| PB 0x0000000080900000| Untracked |  0
|  10|0x0000000080a00000, 0x0000000080b00000, 0x0000000080b00000|100%| O|  |TAMS 0x0000000080a00000| PB 0x0000000080a00000| Untracked |  0
|  11|0x0000000080b00000, 0x0000000080c00000, 0x0000000080c00000|100%| O|  |TAMS 0x0000000080b00000| PB 0x0000000080b00000| Untracked |  0
|  12|0x0000000080c00000, 0x0000000080d00000, 0x0000000080d00000|100%| O|  |TAMS 0x0000000080c00000| PB 0x0000000080c00000| Untracked |  0
|  13|0x0000000080d00000, 0x0000000080e00000, 0x0000000080e00000|100%| O|  |TAMS 0x0000000080d00000| PB 0x0000000080d00000| Untracked |  0
|  14|0x0000000080e00000, 0x0000000080f00000, 0x0000000080f00000|100%| O|  |TAMS 0x0000000080e00000| PB 0x0000000080e00000| Untracked |  0
|  15|0x0000000080f00000, 0x0000000081000000, 0x0000000081000000|100%| O|  |TAMS 0x0000000080f00000| PB 0x0000000080f00000| Untracked |  0
|  16|0x0000000081000000, 0x0000000081100000, 0x0000000081100000|100%| O|  |TAMS 0x0000000081000000| PB 0x0000000081000000| Untracked |  0
|  17|0x0000000081100000, 0x0000000081200000, 0x0000000081200000|100%| O|  |TAMS 0x0000000081100000| PB 0x0000000081100000| Untracked |  0
|  18|0x0000000081200000, 0x0000000081300000, 0x0000000081300000|100%| O|  |TAMS 0x0000000081200000| PB 0x0000000081200000| Untracked |  0
|  19|0x0000000081300000, 0x0000000081400000, 0x0000000081400000|100%|HS|  |TAMS 0x0000000081300000| PB 0x0000000081300000| Complete |  0
|  20|0x0000000081400000, 0x0000000081500000, 0x0000000081500000|100%| O|  |TAMS 0x0000000081400000| PB 0x0000000081400000| Untracked |  0
|  21|0x0000000081500000, 0x0000000081600000, 0x0000000081600000|100%| O|  |TAMS 0x0000000081500000| PB 0x0000000081500000| Untracked |  0
|  22|0x0000000081600000, 0x0000000081700000, 0x0000000081700000|100%| O|  |TAMS 0x0000000081600000| PB 0x0000000081600000| Untracked |  0
|  23|0x0000000081700000, 0x0000000081800000, 0x0000000081800000|100%|HS|  |TAMS 0x0000000081700000| PB 0x0000000081700000| Complete |  0
|  24|0x0000000081800000, 0x0000000081900000, 0x0000000081900000|100%| O|  |TAMS 0x0000000081800000| PB 0x0000000081800000| Untracked |  0
|  25|0x0000000081900000, 0x0000000081a00000, 0x0000000081a00000|100%| O|  |TAMS 0x0000000081900000| PB 0x0000000081900000| Untracked |  0
|  26|0x0000000081a00000, 0x0000000081b00000, 0x0000000081b00000|100%| O|  |TAMS 0x0000000081a00000| PB 0x0000000081a00000| Untracked |  0
|  27|0x0000000081b00000, 0x0000000081c00000, 0x0000000081c00000|100%| O|  |TAMS 0x0000000081b00000| PB 0x0000000081b00000| Untracked |  0
|  28|0x0000000081c00000, 0x0000000081d00000, 0x0000000081d00000|100%| O|  |TAMS 0x0000000081c00000| PB 0x0000000081c00000| Untracked |  0
|  29|0x0000000081d00000, 0x0000000081e00000, 0x0000000081e00000|100%| O|  |TAMS 0x0000000081d00000| PB 0x0000000081d00000| Untracked |  0
|  30|0x0000000081e00000, 0x0000000081f00000, 0x0000000081f00000|100%| O|  |TAMS 0x0000000081e00000| PB 0x0000000081e00000| Untracked |  0
|  31|0x0000000081f00000, 0x0000000082000000, 0x0000000082000000|100%| O|  |TAMS 0x0000000081f00000| PB 0x0000000081f00000| Untracked |  0
|  32|0x0000000082000000, 0x0000000082100000, 0x0000000082100000|100%| O|  |TAMS 0x0000000082000000| PB 0x0000000082000000| Untracked |  0
|  33|0x0000000082100000, 0x0000000082200000, 0x0000000082200000|100%| O|  |TAMS 0x0000000082100000| PB 0x0000000082100000| Untracked |  0
|  34|0x0000000082200000, 0x0000000082300000, 0x0000000082300000|100%| O|  |TAMS 0x0000000082200000| PB 0x0000000082200000| Untracked |  0
|  35|0x0000000082300000, 0x0000000082400000, 0x0000000082400000|100%| O|  |TAMS 0x0000000082300000| PB 0x0000000082300000| Untracked |  0
|  36|0x0000000082400000, 0x0000000082500000, 0x0000000082500000|100%| O|  |TAMS 0x0000000082400000| PB 0x0000000082400000| Untracked |  0
|  37|0x0000000082500000, 0x0000000082600000, 0x0000000082600000|100%| O|  |TAMS 0x0000000082500000| PB 0x0000000082500000| Untracked |  0
|  38|0x0000000082600000, 0x0000000082700000, 0x0000000082700000|100%|HS|  |TAMS 0x0000000082600000| PB 0x0000000082600000| Complete |  0
|  39|0x0000000082700000, 0x0000000082800000, 0x0000000082800000|100%|HS|  |TAMS 0x0000000082700000| PB 0x0000000082700000| Complete |  0
|  40|0x0000000082800000, 0x0000000082900000, 0x0000000082900000|100%| O|  |TAMS 0x0000000082800000| PB 0x0000000082800000| Untracked |  0
|  41|0x0000000082900000, 0x0000000082a00000, 0x0000000082a00000|100%|HS|  |TAMS 0x0000000082900000| PB 0x0000000082900000| Complete |  0
|  42|0x0000000082a00000, 0x0000000082b00000, 0x0000000082b00000|100%| O|  |TAMS 0x0000000082a00000| PB 0x0000000082a00000| Untracked |  0
|  43|0x0000000082b00000, 0x0000000082c00000, 0x0000000082c00000|100%| O|  |TAMS 0x0000000082b00000| PB 0x0000000082b00000| Untracked |  0
|  44|0x0000000082c00000, 0x0000000082d00000, 0x0000000082d00000|100%| O|  |TAMS 0x0000000082c00000| PB 0x0000000082c00000| Untracked |  0
|  45|0x0000000082d00000, 0x0000000082e00000, 0x0000000082e00000|100%| O|  |TAMS 0x0000000082d00000| PB 0x0000000082d00000| Untracked |  0
|  46|0x0000000082e00000, 0x0000000082f00000, 0x0000000082f00000|100%| O|  |TAMS 0x0000000082e00000| PB 0x0000000082e00000| Untracked |  0
|  47|0x0000000082f00000, 0x0000000083000000, 0x0000000083000000|100%| O|  |TAMS 0x0000000082f00000| PB 0x0000000082f00000| Untracked |  0
|  48|0x0000000083000000, 0x0000000083100000, 0x0000000083100000|100%| O|  |TAMS 0x0000000083000000| PB 0x0000000083000000| Untracked |  0
|  49|0x0000000083100000, 0x0000000083200000, 0x0000000083200000|100%| O|  |TAMS 0x0000000083100000| PB 0x0000000083100000| Untracked |  0
|  50|0x0000000083200000, 0x0000000083300000, 0x0000000083300000|100%| O|  |TAMS 0x0000000083200000| PB 0x0000000083200000| Untracked |  0
|  51|0x0000000083300000, 0x0000000083400000, 0x0000000083400000|100%| O|  |TAMS 0x0000000083300000| PB 0x0000000083300000| Untracked |  0
|  52|0x0000000083400000, 0x0000000083500000, 0x0000000083500000|100%| O|  |TAMS 0x0000000083400000| PB 0x0000000083400000| Untracked |  0
|  53|0x0000000083500000, 0x0000000083600000, 0x0000000083600000|100%| O|  |TAMS 0x0000000083500000| PB 0x0000000083500000| Untracked |  0
|  54|0x0000000083600000, 0x0000000083700000, 0x0000000083700000|100%| O|  |TAMS 0x0000000083600000| PB 0x0000000083600000| Untracked |  0
|  55|0x0000000083700000, 0x0000000083800000, 0x0000000083800000|100%| O|  |TAMS 0x0000000083700000| PB 0x0000000083700000| Untracked |  0
|  56|0x0000000083800000, 0x0000000083900000, 0x0000000083900000|100%| O|  |TAMS 0x0000000083800000| PB 0x0000000083800000| Untracked |  0
|  57|0x0000000083900000, 0x0000000083a00000, 0x0000000083a00000|100%| O|  |TAMS 0x0000000083900000| PB 0x0000000083900000| Untracked |  0
|  58|0x0000000083a00000, 0x0000000083b00000, 0x0000000083b00000|100%| O|  |TAMS 0x0000000083a00000| PB 0x0000000083a00000| Untracked |  0
|  59|0x0000000083b00000, 0x0000000083c00000, 0x0000000083c00000|100%| O|  |TAMS 0x0000000083b00000| PB 0x0000000083b00000| Untracked |  0
|  60|0x0000000083c00000, 0x0000000083d00000, 0x0000000083d00000|100%| O|  |TAMS 0x0000000083c00000| PB 0x0000000083c00000| Untracked |  0
|  61|0x0000000083d00000, 0x0000000083e00000, 0x0000000083e00000|100%| O|  |TAMS 0x0000000083d00000| PB 0x0000000083d00000| Untracked |  0
|  62|0x0000000083e00000, 0x0000000083f00000, 0x0000000083f00000|100%| O|  |TAMS 0x0000000083e00000| PB 0x0000000083e00000| Untracked |  0
|  63|0x0000000083f00000, 0x0000000084000000, 0x0000000084000000|100%| O|  |TAMS 0x0000000083f00000| PB 0x0000000083f00000| Untracked |  0
|  64|0x0000000084000000, 0x0000000084100000, 0x0000000084100000|100%| O|  |TAMS 0x0000000084000000| PB 0x0000000084000000| Untracked |  0
|  65|0x0000000084100000, 0x0000000084200000, 0x0000000084200000|100%| O|  |TAMS 0x0000000084100000| PB 0x0000000084100000| Untracked |  0
|  66|0x0000000084200000, 0x0000000084300000, 0x0000000084300000|100%| O|  |TAMS 0x0000000084200000| PB 0x0000000084200000| Untracked |  0
|  67|0x0000000084300000, 0x0000000084400000, 0x0000000084400000|100%| O|  |TAMS 0x0000000084300000| PB 0x0000000084300000| Untracked |  0
|  68|0x0000000084400000, 0x0000000084500000, 0x0000000084500000|100%| O|  |TAMS 0x0000000084400000| PB 0x0000000084400000| Untracked |  0
|  69|0x0000000084500000, 0x0000000084600000, 0x0000000084600000|100%| O|  |TAMS 0x0000000084500000| PB 0x0000000084500000| Untracked |  0
|  70|0x0000000084600000, 0x0000000084700000, 0x0000000084700000|100%| O|  |TAMS 0x0000000084600000| PB 0x0000000084600000| Untracked |  0
|  71|0x0000000084700000, 0x0000000084800000, 0x0000000084800000|100%| O|  |TAMS 0x0000000084700000| PB 0x0000000084700000| Untracked |  0
|  72|0x0000000084800000, 0x0000000084900000, 0x0000000084900000|100%| O|  |TAMS 0x0000000084800000| PB 0x0000000084800000| Untracked |  0
|  73|0x0000000084900000, 0x0000000084a00000, 0x0000000084a00000|100%| O|  |TAMS 0x0000000084900000| PB 0x0000000084900000| Untracked |  0
|  74|0x0000000084a00000, 0x0000000084b00000, 0x0000000084b00000|100%| O|  |TAMS 0x0000000084a00000| PB 0x0000000084a00000| Untracked |  0
|  75|0x0000000084b00000, 0x0000000084b00000, 0x0000000084c00000|  0%| F|  |TAMS 0x0000000084b00000| PB 0x0000000084b00000| Untracked |  0
|  76|0x0000000084c00000, 0x0000000084d00000, 0x0000000084d00000|100%| O|  |TAMS 0x0000000084c00000| PB 0x0000000084c00000| Untracked |  0
|  77|0x0000000084d00000, 0x0000000084e00000, 0x0000000084e00000|100%| O|  |TAMS 0x0000000084d00000| PB 0x0000000084d00000| Untracked |  0
|  78|0x0000000084e00000, 0x0000000084f00000, 0x0000000084f00000|100%| O|  |TAMS 0x0000000084e00000| PB 0x0000000084e00000| Untracked |  0
|  79|0x0000000084f00000, 0x0000000084f00000, 0x0000000085000000|  0%| F|  |TAMS 0x0000000084f00000| PB 0x0000000084f00000| Untracked |  0
|  80|0x0000000085000000, 0x0000000085100000, 0x0000000085100000|100%| O|  |TAMS 0x0000000085000000| PB 0x0000000085000000| Untracked |  0
|  81|0x0000000085100000, 0x0000000085200000, 0x0000000085200000|100%| O|  |TAMS 0x0000000085100000| PB 0x0000000085100000| Untracked |  0
|  82|0x0000000085200000, 0x0000000085300000, 0x0000000085300000|100%| O|  |TAMS 0x0000000085200000| PB 0x0000000085200000| Untracked |  0
|  83|0x0000000085300000, 0x0000000085400000, 0x0000000085400000|100%| O|  |TAMS 0x0000000085300000| PB 0x0000000085300000| Untracked |  0
|  84|0x0000000085400000, 0x0000000085500000, 0x0000000085500000|100%| O|  |TAMS 0x0000000085400000| PB 0x0000000085400000| Untracked |  0
|  85|0x0000000085500000, 0x0000000085600000, 0x0000000085600000|100%| O|  |TAMS 0x0000000085500000| PB 0x0000000085500000| Untracked |  0
|  86|0x0000000085600000, 0x0000000085700000, 0x0000000085700000|100%| O|  |TAMS 0x0000000085600000| PB 0x0000000085600000| Untracked |  0
|  87|0x0000000085700000, 0x0000000085800000, 0x0000000085800000|100%| O|  |TAMS 0x0000000085700000| PB 0x0000000085700000| Untracked |  0
|  88|0x0000000085800000, 0x0000000085900000, 0x0000000085900000|100%| O|  |TAMS 0x0000000085800000| PB 0x0000000085800000| Untracked |  0
|  89|0x0000000085900000, 0x0000000085a00000, 0x0000000085a00000|100%| O|  |TAMS 0x0000000085900000| PB 0x0000000085900000| Untracked |  0
|  90|0x0000000085a00000, 0x0000000085b00000, 0x0000000085b00000|100%| O|  |TAMS 0x0000000085a00000| PB 0x0000000085a00000| Untracked |  0
|  91|0x0000000085b00000, 0x0000000085c00000, 0x0000000085c00000|100%| O|  |TAMS 0x0000000085b00000| PB 0x0000000085b00000| Untracked |  0
|  92|0x0000000085c00000, 0x0000000085d00000, 0x0000000085d00000|100%| O|  |TAMS 0x0000000085c00000| PB 0x0000000085c00000| Untracked |  0
|  93|0x0000000085d00000, 0x0000000085e00000, 0x0000000085e00000|100%| O|  |TAMS 0x0000000085d00000| PB 0x0000000085d00000| Untracked |  0
|  94|0x0000000085e00000, 0x0000000085f00000, 0x0000000085f00000|100%| O|  |TAMS 0x0000000085e00000| PB 0x0000000085e00000| Untracked |  0
|  95|0x0000000085f00000, 0x0000000086000000, 0x0000000086000000|100%| O|  |TAMS 0x0000000085f00000| PB 0x0000000085f00000| Untracked |  0
|  96|0x0000000086000000, 0x0000000086100000, 0x0000000086100000|100%| O|  |TAMS 0x0000000086000000| PB 0x0000000086000000| Untracked |  0
|  97|0x0000000086100000, 0x0000000086200000, 0x0000000086200000|100%| O|  |TAMS 0x0000000086100000| PB 0x0000000086100000| Untracked |  0
|  98|0x0000000086200000, 0x0000000086300000, 0x0000000086300000|100%| O|  |TAMS 0x0000000086200000| PB 0x0000000086200000| Untracked |  0
|  99|0x0000000086300000, 0x0000000086400000, 0x0000000086400000|100%| O|  |TAMS 0x0000000086300000| PB 0x0000000086300000| Untracked |  0
| 100|0x0000000086400000, 0x0000000086500000, 0x0000000086500000|100%| O|  |TAMS 0x0000000086400000| PB 0x0000000086400000| Untracked |  0
| 101|0x0000000086500000, 0x0000000086600000, 0x0000000086600000|100%| O|  |TAMS 0x0000000086500000| PB 0x0000000086500000| Untracked |  0
| 102|0x0000000086600000, 0x0000000086700000, 0x0000000086700000|100%| O|  |TAMS 0x0000000086600000| PB 0x0000000086600000| Untracked |  0
| 103|0x0000000086700000, 0x0000000086800000, 0x0000000086800000|100%| O|  |TAMS 0x0000000086700000| PB 0x0000000086700000| Untracked |  0
| 104|0x0000000086800000, 0x0000000086900000, 0x0000000086900000|100%|HS|  |TAMS 0x0000000086800000| PB 0x0000000086800000| Complete |  0
| 105|0x0000000086900000, 0x0000000086a00000, 0x0000000086a00000|100%| O|  |TAMS 0x0000000086900000| PB 0x0000000086900000| Untracked |  0
| 106|0x0000000086a00000, 0x0000000086b00000, 0x0000000086b00000|100%| O|  |TAMS 0x0000000086a00000| PB 0x0000000086a00000| Untracked |  0
| 107|0x0000000086b00000, 0x0000000086c00000, 0x0000000086c00000|100%| O|  |TAMS 0x0000000086b00000| PB 0x0000000086b00000| Untracked |  0
| 108|0x0000000086c00000, 0x0000000086d00000, 0x0000000086d00000|100%| O|  |TAMS 0x0000000086c00000| PB 0x0000000086c00000| Untracked |  0
| 109|0x0000000086d00000, 0x0000000086e00000, 0x0000000086e00000|100%| O|  |TAMS 0x0000000086d00000| PB 0x0000000086d00000| Untracked |  0
| 110|0x0000000086e00000, 0x0000000086f00000, 0x0000000086f00000|100%| O|  |TAMS 0x0000000086e00000| PB 0x0000000086e00000| Untracked |  0
| 111|0x0000000086f00000, 0x0000000087000000, 0x0000000087000000|100%|HS|  |TAMS 0x0000000086f00000| PB 0x0000000086f00000| Complete |  0
| 112|0x0000000087000000, 0x0000000087100000, 0x0000000087100000|100%| O|  |TAMS 0x0000000087000000| PB 0x0000000087000000| Untracked |  0
| 113|0x0000000087100000, 0x0000000087200000, 0x0000000087200000|100%| O|  |TAMS 0x0000000087100000| PB 0x0000000087100000| Untracked |  0
| 114|0x0000000087200000, 0x0000000087300000, 0x0000000087300000|100%| O|  |TAMS 0x0000000087200000| PB 0x0000000087200000| Untracked |  0
| 115|0x0000000087300000, 0x0000000087400000, 0x0000000087400000|100%| O|  |TAMS 0x0000000087300000| PB 0x0000000087300000| Untracked |  0
| 116|0x0000000087400000, 0x0000000087500000, 0x0000000087500000|100%|HS|  |TAMS 0x0000000087400000| PB 0x0000000087400000| Complete |  0
| 117|0x0000000087500000, 0x0000000087600000, 0x0000000087600000|100%| O|  |TAMS 0x0000000087500000| PB 0x0000000087500000| Untracked |  0
| 118|0x0000000087600000, 0x0000000087700000, 0x0000000087700000|100%| O|  |TAMS 0x0000000087600000| PB 0x0000000087600000| Untracked |  0
| 119|0x0000000087700000, 0x0000000087800000, 0x0000000087800000|100%| O|  |TAMS 0x0000000087700000| PB 0x0000000087700000| Untracked |  0
| 120|0x0000000087800000, 0x0000000087900000, 0x0000000087900000|100%| O|  |TAMS 0x0000000087800000| PB 0x0000000087800000| Untracked |  0
| 121|0x0000000087900000, 0x0000000087a00000, 0x0000000087a00000|100%| O|  |TAMS 0x0000000087900000| PB 0x0000000087900000| Untracked |  0
| 122|0x0000000087a00000, 0x0000000087b00000, 0x0000000087b00000|100%| O|  |TAMS 0x0000000087a00000| PB 0x0000000087a00000| Untracked |  0
| 123|0x0000000087b00000, 0x0000000087c00000, 0x0000000087c00000|100%| O|  |TAMS 0x0000000087b00000| PB 0x0000000087b00000| Untracked |  0
| 124|0x0000000087c00000, 0x0000000087d00000, 0x0000000087d00000|100%| O|  |TAMS 0x0000000087c00000| PB 0x0000000087c00000| Untracked |  0
| 125|0x0000000087d00000, 0x0000000087e00000, 0x0000000087e00000|100%|HS|  |TAMS 0x0000000087d00000| PB 0x0000000087d00000| Complete |  0
| 126|0x0000000087e00000, 0x0000000087f00000, 0x0000000087f00000|100%| O|  |TAMS 0x0000000087e00000| PB 0x0000000087e00000| Untracked |  0
| 127|0x0000000087f00000, 0x0000000088000000, 0x0000000088000000|100%| O|  |TAMS 0x0000000087f00000| PB 0x0000000087f00000| Untracked |  0
| 128|0x0000000088000000, 0x0000000088100000, 0x0000000088100000|100%| O|  |TAMS 0x0000000088000000| PB 0x0000000088000000| Untracked |  0
| 129|0x0000000088100000, 0x0000000088200000, 0x0000000088200000|100%| O|  |TAMS 0x0000000088100000| PB 0x0000000088100000| Untracked |  0
| 130|0x0000000088200000, 0x0000000088300000, 0x0000000088300000|100%| O|  |TAMS 0x0000000088200000| PB 0x0000000088200000| Untracked |  0
| 131|0x0000000088300000, 0x0000000088300000, 0x0000000088400000|  0%| F|  |TAMS 0x0000000088300000| PB 0x0000000088300000| Untracked |  0
| 132|0x0000000088400000, 0x0000000088400000, 0x0000000088500000|  0%| F|  |TAMS 0x0000000088400000| PB 0x0000000088400000| Untracked |  0
| 133|0x0000000088500000, 0x0000000088600000, 0x0000000088600000|100%| O|  |TAMS 0x0000000088500000| PB 0x0000000088500000| Untracked |  0
| 134|0x0000000088600000, 0x0000000088700000, 0x0000000088700000|100%| O|  |TAMS 0x0000000088600000| PB 0x0000000088600000| Untracked |  0
| 135|0x0000000088700000, 0x0000000088800000, 0x0000000088800000|100%| O|  |TAMS 0x0000000088700000| PB 0x0000000088700000| Untracked |  0
| 136|0x0000000088800000, 0x0000000088900000, 0x0000000088900000|100%| O|  |TAMS 0x0000000088800000| PB 0x0000000088800000| Untracked |  0
| 137|0x0000000088900000, 0x0000000088a00000, 0x0000000088a00000|100%| O|  |TAMS 0x0000000088900000| PB 0x0000000088900000| Untracked |  0
| 138|0x0000000088a00000, 0x0000000088b00000, 0x0000000088b00000|100%| O|  |TAMS 0x0000000088a00000| PB 0x0000000088a00000| Untracked |  0
| 139|0x0000000088b00000, 0x0000000088c00000, 0x0000000088c00000|100%| O|  |TAMS 0x0000000088b00000| PB 0x0000000088b00000| Untracked |  0
| 140|0x0000000088c00000, 0x0000000088d00000, 0x0000000088d00000|100%| O|  |TAMS 0x0000000088c00000| PB 0x0000000088c00000| Untracked |  0
| 141|0x0000000088d00000, 0x0000000088e00000, 0x0000000088e00000|100%| O|  |TAMS 0x0000000088d00000| PB 0x0000000088d00000| Untracked |  0
| 142|0x0000000088e00000, 0x0000000088f00000, 0x0000000088f00000|100%| O|  |TAMS 0x0000000088e00000| PB 0x0000000088e00000| Untracked |  0
| 143|0x0000000088f00000, 0x0000000089000000, 0x0000000089000000|100%| O|  |TAMS 0x0000000088f00000| PB 0x0000000088f00000| Untracked |  0
| 144|0x0000000089000000, 0x0000000089100000, 0x0000000089100000|100%| O|  |TAMS 0x0000000089000000| PB 0x0000000089000000| Untracked |  0
| 145|0x0000000089100000, 0x0000000089200000, 0x0000000089200000|100%| O|  |TAMS 0x0000000089100000| PB 0x0000000089100000| Untracked |  0
| 146|0x0000000089200000, 0x0000000089300000, 0x0000000089300000|100%| O|  |TAMS 0x0000000089200000| PB 0x0000000089200000| Untracked |  0
| 147|0x0000000089300000, 0x0000000089400000, 0x0000000089400000|100%| O|  |TAMS 0x0000000089300000| PB 0x0000000089300000| Untracked |  0
| 148|0x0000000089400000, 0x0000000089500000, 0x0000000089500000|100%| O|  |TAMS 0x0000000089400000| PB 0x0000000089400000| Untracked |  0
| 149|0x0000000089500000, 0x0000000089600000, 0x0000000089600000|100%| O|  |TAMS 0x0000000089500000| PB 0x0000000089500000| Untracked |  0
| 150|0x0000000089600000, 0x0000000089700000, 0x0000000089700000|100%| O|  |TAMS 0x0000000089600000| PB 0x0000000089600000| Untracked |  0
| 151|0x0000000089700000, 0x0000000089800000, 0x0000000089800000|100%| O|  |TAMS 0x0000000089700000| PB 0x0000000089700000| Untracked |  0
| 152|0x0000000089800000, 0x0000000089900000, 0x0000000089900000|100%| O|  |TAMS 0x0000000089800000| PB 0x0000000089800000| Untracked |  0
| 153|0x0000000089900000, 0x0000000089a00000, 0x0000000089a00000|100%| O|  |TAMS 0x0000000089900000| PB 0x0000000089900000| Untracked |  0
| 154|0x0000000089a00000, 0x0000000089b00000, 0x0000000089b00000|100%| O|  |TAMS 0x0000000089a00000| PB 0x0000000089a00000| Untracked |  0
| 155|0x0000000089b00000, 0x0000000089c00000, 0x0000000089c00000|100%| O|  |TAMS 0x0000000089b00000| PB 0x0000000089b00000| Untracked |  0
| 156|0x0000000089c00000, 0x0000000089d00000, 0x0000000089d00000|100%| O|  |TAMS 0x0000000089c00000| PB 0x0000000089c00000| Untracked |  0
| 157|0x0000000089d00000, 0x0000000089e00000, 0x0000000089e00000|100%| O|  |TAMS 0x0000000089d00000| PB 0x0000000089d00000| Untracked |  0
| 158|0x0000000089e00000, 0x0000000089f00000, 0x0000000089f00000|100%| O|  |TAMS 0x0000000089e00000| PB 0x0000000089e00000| Untracked |  0
| 159|0x0000000089f00000, 0x000000008a000000, 0x000000008a000000|100%| O|  |TAMS 0x0000000089f00000| PB 0x0000000089f00000| Untracked |  0
| 160|0x000000008a000000, 0x000000008a100000, 0x000000008a100000|100%| O|  |TAMS 0x000000008a000000| PB 0x000000008a000000| Untracked |  0
| 161|0x000000008a100000, 0x000000008a200000, 0x000000008a200000|100%| O|  |TAMS 0x000000008a100000| PB 0x000000008a100000| Untracked |  0
| 162|0x000000008a200000, 0x000000008a300000, 0x000000008a300000|100%| O|  |TAMS 0x000000008a200000| PB 0x000000008a200000| Untracked |  0
| 163|0x000000008a300000, 0x000000008a400000, 0x000000008a400000|100%| O|  |TAMS 0x000000008a300000| PB 0x000000008a300000| Untracked |  0
| 164|0x000000008a400000, 0x000000008a500000, 0x000000008a500000|100%| O|  |TAMS 0x000000008a400000| PB 0x000000008a400000| Untracked |  0
| 165|0x000000008a500000, 0x000000008a600000, 0x000000008a600000|100%| O|  |TAMS 0x000000008a500000| PB 0x000000008a500000| Untracked |  0
| 166|0x000000008a600000, 0x000000008a700000, 0x000000008a700000|100%| O|  |TAMS 0x000000008a600000| PB 0x000000008a600000| Untracked |  0
| 167|0x000000008a700000, 0x000000008a800000, 0x000000008a800000|100%| O|  |TAMS 0x000000008a700000| PB 0x000000008a700000| Untracked |  0
| 168|0x000000008a800000, 0x000000008a900000, 0x000000008a900000|100%| O|  |TAMS 0x000000008a800000| PB 0x000000008a800000| Untracked |  0
| 169|0x000000008a900000, 0x000000008aa00000, 0x000000008aa00000|100%| O|  |TAMS 0x000000008a900000| PB 0x000000008a900000| Untracked |  0
| 170|0x000000008aa00000, 0x000000008ab00000, 0x000000008ab00000|100%| O|  |TAMS 0x000000008aa00000| PB 0x000000008aa00000| Untracked |  0
| 171|0x000000008ab00000, 0x000000008ac00000, 0x000000008ac00000|100%| O|  |TAMS 0x000000008ab00000| PB 0x000000008ab00000| Untracked |  0
| 172|0x000000008ac00000, 0x000000008ad00000, 0x000000008ad00000|100%| O|  |TAMS 0x000000008ac00000| PB 0x000000008ac00000| Untracked |  0
| 173|0x000000008ad00000, 0x000000008ae00000, 0x000000008ae00000|100%| O|  |TAMS 0x000000008ad00000| PB 0x000000008ad00000| Untracked |  0
| 174|0x000000008ae00000, 0x000000008af00000, 0x000000008af00000|100%| O|  |TAMS 0x000000008ae00000| PB 0x000000008ae00000| Untracked |  0
| 175|0x000000008af00000, 0x000000008b000000, 0x000000008b000000|100%| O|  |TAMS 0x000000008af00000| PB 0x000000008af00000| Untracked |  0
| 176|0x000000008b000000, 0x000000008b100000, 0x000000008b100000|100%| O|  |TAMS 0x000000008b000000| PB 0x000000008b000000| Untracked |  0
| 177|0x000000008b100000, 0x000000008b200000, 0x000000008b200000|100%|HS|  |TAMS 0x000000008b100000| PB 0x000000008b100000| Complete |  0
| 178|0x000000008b200000, 0x000000008b300000, 0x000000008b300000|100%|HC|  |TAMS 0x000000008b200000| PB 0x000000008b200000| Complete |  0
| 179|0x000000008b300000, 0x000000008b400000, 0x000000008b400000|100%| O|  |TAMS 0x000000008b300000| PB 0x000000008b300000| Untracked |  0
| 180|0x000000008b400000, 0x000000008b500000, 0x000000008b500000|100%| O|  |TAMS 0x000000008b400000| PB 0x000000008b400000| Untracked |  0
| 181|0x000000008b500000, 0x000000008b600000, 0x000000008b600000|100%| O|  |TAMS 0x000000008b500000| PB 0x000000008b500000| Untracked |  0
| 182|0x000000008b600000, 0x000000008b700000, 0x000000008b700000|100%| O|  |TAMS 0x000000008b600000| PB 0x000000008b600000| Untracked |  0
| 183|0x000000008b700000, 0x000000008b800000, 0x000000008b800000|100%| O|  |TAMS 0x000000008b700000| PB 0x000000008b700000| Untracked |  0
| 184|0x000000008b800000, 0x000000008b900000, 0x000000008b900000|100%| O|  |TAMS 0x000000008b800000| PB 0x000000008b800000| Untracked |  0
| 185|0x000000008b900000, 0x000000008ba00000, 0x000000008ba00000|100%| O|  |TAMS 0x000000008b900000| PB 0x000000008b900000| Untracked |  0
| 186|0x000000008ba00000, 0x000000008bb00000, 0x000000008bb00000|100%| O|  |TAMS 0x000000008ba00000| PB 0x000000008ba00000| Untracked |  0
| 187|0x000000008bb00000, 0x000000008bc00000, 0x000000008bc00000|100%| O|  |TAMS 0x000000008bb00000| PB 0x000000008bb00000| Untracked |  0
| 188|0x000000008bc00000, 0x000000008bd00000, 0x000000008bd00000|100%| O|  |TAMS 0x000000008bc00000| PB 0x000000008bc00000| Untracked |  0
| 189|0x000000008bd00000, 0x000000008be00000, 0x000000008be00000|100%| O|  |TAMS 0x000000008bd00000| PB 0x000000008bd00000| Untracked |  0
| 190|0x000000008be00000, 0x000000008bf00000, 0x000000008bf00000|100%|HS|  |TAMS 0x000000008be00000| PB 0x000000008be00000| Complete |  0
| 191|0x000000008bf00000, 0x000000008c000000, 0x000000008c000000|100%|HC|  |TAMS 0x000000008bf00000| PB 0x000000008bf00000| Complete |  0
| 192|0x000000008c000000, 0x000000008c100000, 0x000000008c100000|100%| O|  |TAMS 0x000000008c000000| PB 0x000000008c000000| Untracked |  0
| 193|0x000000008c100000, 0x000000008c200000, 0x000000008c200000|100%| O|  |TAMS 0x000000008c100000| PB 0x000000008c100000| Untracked |  0
| 194|0x000000008c200000, 0x000000008c300000, 0x000000008c300000|100%| O|  |TAMS 0x000000008c200000| PB 0x000000008c200000| Untracked |  0
| 195|0x000000008c300000, 0x000000008c400000, 0x000000008c400000|100%| O|  |TAMS 0x000000008c300000| PB 0x000000008c300000| Untracked |  0
| 196|0x000000008c400000, 0x000000008c500000, 0x000000008c500000|100%| O|  |TAMS 0x000000008c400000| PB 0x000000008c400000| Untracked |  0
| 197|0x000000008c500000, 0x000000008c600000, 0x000000008c600000|100%| O|  |TAMS 0x000000008c500000| PB 0x000000008c500000| Untracked |  0
| 198|0x000000008c600000, 0x000000008c700000, 0x000000008c700000|100%| O|  |TAMS 0x000000008c600000| PB 0x000000008c600000| Untracked |  0
| 199|0x000000008c700000, 0x000000008c800000, 0x000000008c800000|100%| O|  |TAMS 0x000000008c700000| PB 0x000000008c700000| Untracked |  0
| 200|0x000000008c800000, 0x000000008c900000, 0x000000008c900000|100%| O|  |TAMS 0x000000008c800000| PB 0x000000008c800000| Untracked |  0
| 201|0x000000008c900000, 0x000000008ca00000, 0x000000008ca00000|100%| O|  |TAMS 0x000000008c900000| PB 0x000000008c900000| Untracked |  0
| 202|0x000000008ca00000, 0x000000008cb00000, 0x000000008cb00000|100%| O|  |TAMS 0x000000008ca00000| PB 0x000000008ca00000| Untracked |  0
| 203|0x000000008cb00000, 0x000000008cc00000, 0x000000008cc00000|100%| O|  |TAMS 0x000000008cb00000| PB 0x000000008cb00000| Untracked |  0
| 204|0x000000008cc00000, 0x000000008cd00000, 0x000000008cd00000|100%| O|  |TAMS 0x000000008cc00000| PB 0x000000008cc00000| Untracked |  0
| 205|0x000000008cd00000, 0x000000008ce00000, 0x000000008ce00000|100%| O|  |TAMS 0x000000008cd00000| PB 0x000000008cd00000| Untracked |  0
| 206|0x000000008ce00000, 0x000000008cf00000, 0x000000008cf00000|100%| O|  |TAMS 0x000000008ce00000| PB 0x000000008ce00000| Untracked |  0
| 207|0x000000008cf00000, 0x000000008d000000, 0x000000008d000000|100%| O|  |TAMS 0x000000008cf00000| PB 0x000000008cf00000| Untracked |  0
| 208|0x000000008d000000, 0x000000008d100000, 0x000000008d100000|100%| O|  |TAMS 0x000000008d000000| PB 0x000000008d000000| Untracked |  0
| 209|0x000000008d100000, 0x000000008d200000, 0x000000008d200000|100%| O|  |TAMS 0x000000008d100000| PB 0x000000008d100000| Untracked |  0
| 210|0x000000008d200000, 0x000000008d300000, 0x000000008d300000|100%| O|  |TAMS 0x000000008d200000| PB 0x000000008d200000| Untracked |  0
| 211|0x000000008d300000, 0x000000008d400000, 0x000000008d400000|100%| O|  |TAMS 0x000000008d300000| PB 0x000000008d300000| Untracked |  0
| 212|0x000000008d400000, 0x000000008d500000, 0x000000008d500000|100%| O|  |TAMS 0x000000008d400000| PB 0x000000008d400000| Untracked |  0
| 213|0x000000008d500000, 0x000000008d600000, 0x000000008d600000|100%| O|  |TAMS 0x000000008d500000| PB 0x000000008d500000| Untracked |  0
| 214|0x000000008d600000, 0x000000008d700000, 0x000000008d700000|100%| O|  |TAMS 0x000000008d600000| PB 0x000000008d600000| Untracked |  0
| 215|0x000000008d700000, 0x000000008d800000, 0x000000008d800000|100%| O|  |TAMS 0x000000008d700000| PB 0x000000008d700000| Untracked |  0
| 216|0x000000008d800000, 0x000000008d900000, 0x000000008d900000|100%| O|  |TAMS 0x000000008d800000| PB 0x000000008d800000| Untracked |  0
| 217|0x000000008d900000, 0x000000008da00000, 0x000000008da00000|100%| O|  |TAMS 0x000000008d900000| PB 0x000000008d900000| Untracked |  0
| 218|0x000000008da00000, 0x000000008db00000, 0x000000008db00000|100%| S|CS|TAMS 0x000000008da00000| PB 0x000000008da00000| Complete |  0
| 219|0x000000008db00000, 0x000000008dc00000, 0x000000008dc00000|100%| S|CS|TAMS 0x000000008db00000| PB 0x000000008db00000| Complete |  0
| 220|0x000000008dc00000, 0x000000008dd00000, 0x000000008dd00000|100%| S|CS|TAMS 0x000000008dc00000| PB 0x000000008dc00000| Complete |  0
| 221|0x000000008dd00000, 0x000000008de00000, 0x000000008de00000|100%| S|CS|TAMS 0x000000008dd00000| PB 0x000000008dd00000| Complete |  0
| 222|0x000000008de00000, 0x000000008df00000, 0x000000008df00000|100%| S|CS|TAMS 0x000000008de00000| PB 0x000000008de00000| Complete |  0
| 223|0x000000008df00000, 0x000000008df00000, 0x000000008e000000|  0%| F|  |TAMS 0x000000008df00000| PB 0x000000008df00000| Untracked |  0
| 224|0x000000008e000000, 0x000000008e000000, 0x000000008e100000|  0%| F|  |TAMS 0x000000008e000000| PB 0x000000008e000000| Untracked |  0
| 225|0x000000008e100000, 0x000000008e100000, 0x000000008e200000|  0%| F|  |TAMS 0x000000008e100000| PB 0x000000008e100000| Untracked |  0
| 226|0x000000008e200000, 0x000000008e200000, 0x000000008e300000|  0%| F|  |TAMS 0x000000008e200000| PB 0x000000008e200000| Untracked |  0
| 227|0x000000008e300000, 0x000000008e300000, 0x000000008e400000|  0%| F|  |TAMS 0x000000008e300000| PB 0x000000008e300000| Untracked |  0
| 228|0x000000008e400000, 0x000000008e400000, 0x000000008e500000|  0%| F|  |TAMS 0x000000008e400000| PB 0x000000008e400000| Untracked |  0
| 229|0x000000008e500000, 0x000000008e500000, 0x000000008e600000|  0%| F|  |TAMS 0x000000008e500000| PB 0x000000008e500000| Untracked |  0
| 230|0x000000008e600000, 0x000000008e600000, 0x000000008e700000|  0%| F|  |TAMS 0x000000008e600000| PB 0x000000008e600000| Untracked |  0
| 231|0x000000008e700000, 0x000000008e700000, 0x000000008e800000|  0%| F|  |TAMS 0x000000008e700000| PB 0x000000008e700000| Untracked |  0
| 232|0x000000008e800000, 0x000000008e900000, 0x000000008e900000|100%| S|CS|TAMS 0x000000008e800000| PB 0x000000008e800000| Complete |  0
| 233|0x000000008e900000, 0x000000008ea00000, 0x000000008ea00000|100%| S|CS|TAMS 0x000000008e900000| PB 0x000000008e900000| Complete |  0
| 234|0x000000008ea00000, 0x000000008eb00000, 0x000000008eb00000|100%| S|CS|TAMS 0x000000008ea00000| PB 0x000000008ea00000| Complete |  0
| 235|0x000000008eb00000, 0x000000008ec00000, 0x000000008ec00000|100%| S|CS|TAMS 0x000000008eb00000| PB 0x000000008eb00000| Complete |  0
| 236|0x000000008ec00000, 0x000000008ed00000, 0x000000008ed00000|100%| S|CS|TAMS 0x000000008ec00000| PB 0x000000008ec00000| Complete |  0
| 237|0x000000008ed00000, 0x000000008ee00000, 0x000000008ee00000|100%| S|CS|TAMS 0x000000008ed00000| PB 0x000000008ed00000| Complete |  0
| 238|0x000000008ee00000, 0x000000008ef00000, 0x000000008ef00000|100%| S|CS|TAMS 0x000000008ee00000| PB 0x000000008ee00000| Complete |  0
| 239|0x000000008ef00000, 0x000000008f000000, 0x000000008f000000|100%| S|CS|TAMS 0x000000008ef00000| PB 0x000000008ef00000| Complete |  0
| 240|0x000000008f000000, 0x000000008f000000, 0x000000008f100000|  0%| F|  |TAMS 0x000000008f000000| PB 0x000000008f000000| Untracked |  0
| 241|0x000000008f100000, 0x000000008f100000, 0x000000008f200000|  0%| F|  |TAMS 0x000000008f100000| PB 0x000000008f100000| Untracked |  0
| 242|0x000000008f200000, 0x000000008f200000, 0x000000008f300000|  0%| F|  |TAMS 0x000000008f200000| PB 0x000000008f200000| Untracked |  0
| 243|0x000000008f300000, 0x000000008f300000, 0x000000008f400000|  0%| F|  |TAMS 0x000000008f300000| PB 0x000000008f300000| Untracked |  0
| 244|0x000000008f400000, 0x000000008f400000, 0x000000008f500000|  0%| F|  |TAMS 0x000000008f400000| PB 0x000000008f400000| Untracked |  0
| 245|0x000000008f500000, 0x000000008f500000, 0x000000008f600000|  0%| F|  |TAMS 0x000000008f500000| PB 0x000000008f500000| Untracked |  0
| 246|0x000000008f600000, 0x000000008f600000, 0x000000008f700000|  0%| F|  |TAMS 0x000000008f600000| PB 0x000000008f600000| Untracked |  0
| 247|0x000000008f700000, 0x000000008f700000, 0x000000008f800000|  0%| F|  |TAMS 0x000000008f700000| PB 0x000000008f700000| Untracked |  0
| 248|0x000000008f800000, 0x000000008f800000, 0x000000008f900000|  0%| F|  |TAMS 0x000000008f800000| PB 0x000000008f800000| Untracked |  0
| 249|0x000000008f900000, 0x000000008f900000, 0x000000008fa00000|  0%| F|  |TAMS 0x000000008f900000| PB 0x000000008f900000| Untracked |  0
| 250|0x000000008fa00000, 0x000000008fa00000, 0x000000008fb00000|  0%| F|  |TAMS 0x000000008fa00000| PB 0x000000008fa00000| Untracked |  0
| 251|0x000000008fb00000, 0x000000008fb00000, 0x000000008fc00000|  0%| F|  |TAMS 0x000000008fb00000| PB 0x000000008fb00000| Untracked |  0
| 252|0x000000008fc00000, 0x000000008fc00000, 0x000000008fd00000|  0%| F|  |TAMS 0x000000008fc00000| PB 0x000000008fc00000| Untracked |  0
| 253|0x000000008fd00000, 0x000000008fd00000, 0x000000008fe00000|  0%| F|  |TAMS 0x000000008fd00000| PB 0x000000008fd00000| Untracked |  0
| 254|0x000000008fe00000, 0x000000008fe00000, 0x000000008ff00000|  0%| F|  |TAMS 0x000000008fe00000| PB 0x000000008fe00000| Untracked |  0
| 255|0x000000008ff00000, 0x000000008ff00000, 0x0000000090000000|  0%| F|  |TAMS 0x000000008ff00000| PB 0x000000008ff00000| Untracked |  0
| 256|0x0000000090000000, 0x0000000090000000, 0x0000000090100000|  0%| F|  |TAMS 0x0000000090000000| PB 0x0000000090000000| Untracked |  0
| 257|0x0000000090100000, 0x0000000090100000, 0x0000000090200000|  0%| F|  |TAMS 0x0000000090100000| PB 0x0000000090100000| Untracked |  0
| 258|0x0000000090200000, 0x0000000090200000, 0x0000000090300000|  0%| F|  |TAMS 0x0000000090200000| PB 0x0000000090200000| Untracked |  0
| 259|0x0000000090300000, 0x0000000090300000, 0x0000000090400000|  0%| F|  |TAMS 0x0000000090300000| PB 0x0000000090300000| Untracked |  0
| 260|0x0000000090400000, 0x0000000090400000, 0x0000000090500000|  0%| F|  |TAMS 0x0000000090400000| PB 0x0000000090400000| Untracked |  0
| 261|0x0000000090500000, 0x0000000090500000, 0x0000000090600000|  0%| F|  |TAMS 0x0000000090500000| PB 0x0000000090500000| Untracked |  0
| 262|0x0000000090600000, 0x0000000090600000, 0x0000000090700000|  0%| F|  |TAMS 0x0000000090600000| PB 0x0000000090600000| Untracked |  0
| 263|0x0000000090700000, 0x0000000090700000, 0x0000000090800000|  0%| F|  |TAMS 0x0000000090700000| PB 0x0000000090700000| Untracked |  0
| 264|0x0000000090800000, 0x0000000090800000, 0x0000000090900000|  0%| F|  |TAMS 0x0000000090800000| PB 0x0000000090800000| Untracked |  0
| 265|0x0000000090900000, 0x0000000090900000, 0x0000000090a00000|  0%| F|  |TAMS 0x0000000090900000| PB 0x0000000090900000| Untracked |  0
| 266|0x0000000090a00000, 0x0000000090a00000, 0x0000000090b00000|  0%| F|  |TAMS 0x0000000090a00000| PB 0x0000000090a00000| Untracked |  0
| 267|0x0000000090b00000, 0x0000000090b00000, 0x0000000090c00000|  0%| F|  |TAMS 0x0000000090b00000| PB 0x0000000090b00000| Untracked |  0
| 268|0x0000000090c00000, 0x0000000090c00000, 0x0000000090d00000|  0%| F|  |TAMS 0x0000000090c00000| PB 0x0000000090c00000| Untracked |  0
| 269|0x0000000090d00000, 0x0000000090d00000, 0x0000000090e00000|  0%| F|  |TAMS 0x0000000090d00000| PB 0x0000000090d00000| Untracked |  0
| 270|0x0000000090e00000, 0x0000000090e00000, 0x0000000090f00000|  0%| F|  |TAMS 0x0000000090e00000| PB 0x0000000090e00000| Untracked |  0
| 271|0x0000000090f00000, 0x0000000090f00000, 0x0000000091000000|  0%| F|  |TAMS 0x0000000090f00000| PB 0x0000000090f00000| Untracked |  0
| 272|0x0000000091000000, 0x0000000091000000, 0x0000000091100000|  0%| F|  |TAMS 0x0000000091000000| PB 0x0000000091000000| Untracked |  0
| 273|0x0000000091100000, 0x0000000091100000, 0x0000000091200000|  0%| F|  |TAMS 0x0000000091100000| PB 0x0000000091100000| Untracked |  0
| 274|0x0000000091200000, 0x0000000091200000, 0x0000000091300000|  0%| F|  |TAMS 0x0000000091200000| PB 0x0000000091200000| Untracked |  0
| 275|0x0000000091300000, 0x0000000091300000, 0x0000000091400000|  0%| F|  |TAMS 0x0000000091300000| PB 0x0000000091300000| Untracked |  0
| 276|0x0000000091400000, 0x0000000091400000, 0x0000000091500000|  0%| F|  |TAMS 0x0000000091400000| PB 0x0000000091400000| Untracked |  0
| 277|0x0000000091500000, 0x0000000091500000, 0x0000000091600000|  0%| F|  |TAMS 0x0000000091500000| PB 0x0000000091500000| Untracked |  0
| 278|0x0000000091600000, 0x0000000091600000, 0x0000000091700000|  0%| F|  |TAMS 0x0000000091600000| PB 0x0000000091600000| Untracked |  0
| 279|0x0000000091700000, 0x0000000091700000, 0x0000000091800000|  0%| F|  |TAMS 0x0000000091700000| PB 0x0000000091700000| Untracked |  0
| 280|0x0000000091800000, 0x0000000091800000, 0x0000000091900000|  0%| F|  |TAMS 0x0000000091800000| PB 0x0000000091800000| Untracked |  0
| 281|0x0000000091900000, 0x0000000091900000, 0x0000000091a00000|  0%| F|  |TAMS 0x0000000091900000| PB 0x0000000091900000| Untracked |  0
| 282|0x0000000091a00000, 0x0000000091a00000, 0x0000000091b00000|  0%| F|  |TAMS 0x0000000091a00000| PB 0x0000000091a00000| Untracked |  0
| 283|0x0000000091b00000, 0x0000000091b00000, 0x0000000091c00000|  0%| F|  |TAMS 0x0000000091b00000| PB 0x0000000091b00000| Untracked |  0
| 284|0x0000000091c00000, 0x0000000091c00000, 0x0000000091d00000|  0%| F|  |TAMS 0x0000000091c00000| PB 0x0000000091c00000| Untracked |  0
| 285|0x0000000091d00000, 0x0000000091d00000, 0x0000000091e00000|  0%| F|  |TAMS 0x0000000091d00000| PB 0x0000000091d00000| Untracked |  0
| 286|0x0000000091e00000, 0x0000000091e00000, 0x0000000091f00000|  0%| F|  |TAMS 0x0000000091e00000| PB 0x0000000091e00000| Untracked |  0
| 287|0x0000000091f00000, 0x0000000091f00000, 0x0000000092000000|  0%| F|  |TAMS 0x0000000091f00000| PB 0x0000000091f00000| Untracked |  0
| 288|0x0000000092000000, 0x0000000092000000, 0x0000000092100000|  0%| F|  |TAMS 0x0000000092000000| PB 0x0000000092000000| Untracked |  0
| 289|0x0000000092100000, 0x0000000092100000, 0x0000000092200000|  0%| F|  |TAMS 0x0000000092100000| PB 0x0000000092100000| Untracked |  0
| 290|0x0000000092200000, 0x0000000092200000, 0x0000000092300000|  0%| F|  |TAMS 0x0000000092200000| PB 0x0000000092200000| Untracked |  0
| 291|0x0000000092300000, 0x0000000092300000, 0x0000000092400000|  0%| F|  |TAMS 0x0000000092300000| PB 0x0000000092300000| Untracked |  0
| 292|0x0000000092400000, 0x0000000092400000, 0x0000000092500000|  0%| F|  |TAMS 0x0000000092400000| PB 0x0000000092400000| Untracked |  0
| 293|0x0000000092500000, 0x0000000092500000, 0x0000000092600000|  0%| F|  |TAMS 0x0000000092500000| PB 0x0000000092500000| Untracked |  0
| 294|0x0000000092600000, 0x0000000092600000, 0x0000000092700000|  0%| F|  |TAMS 0x0000000092600000| PB 0x0000000092600000| Untracked |  0
| 295|0x0000000092700000, 0x0000000092700000, 0x0000000092800000|  0%| F|  |TAMS 0x0000000092700000| PB 0x0000000092700000| Untracked |  0
| 296|0x0000000092800000, 0x0000000092800000, 0x0000000092900000|  0%| F|  |TAMS 0x0000000092800000| PB 0x0000000092800000| Untracked |  0
| 297|0x0000000092900000, 0x0000000092900000, 0x0000000092a00000|  0%| F|  |TAMS 0x0000000092900000| PB 0x0000000092900000| Untracked |  0
| 298|0x0000000092a00000, 0x0000000092a00000, 0x0000000092b00000|  0%| F|  |TAMS 0x0000000092a00000| PB 0x0000000092a00000| Untracked |  0
| 299|0x0000000092b00000, 0x0000000092b00000, 0x0000000092c00000|  0%| F|  |TAMS 0x0000000092b00000| PB 0x0000000092b00000| Untracked |  0
| 300|0x0000000092c00000, 0x0000000092c00000, 0x0000000092d00000|  0%| F|  |TAMS 0x0000000092c00000| PB 0x0000000092c00000| Untracked |  0
| 301|0x0000000092d00000, 0x0000000092d00000, 0x0000000092e00000|  0%| F|  |TAMS 0x0000000092d00000| PB 0x0000000092d00000| Untracked |  0
| 302|0x0000000092e00000, 0x0000000092e00000, 0x0000000092f00000|  0%| F|  |TAMS 0x0000000092e00000| PB 0x0000000092e00000| Untracked |  0
| 303|0x0000000092f00000, 0x0000000092f00000, 0x0000000093000000|  0%| F|  |TAMS 0x0000000092f00000| PB 0x0000000092f00000| Untracked |  0
| 304|0x0000000093000000, 0x0000000093000000, 0x0000000093100000|  0%| F|  |TAMS 0x0000000093000000| PB 0x0000000093000000| Untracked |  0
| 305|0x0000000093100000, 0x0000000093100000, 0x0000000093200000|  0%| F|  |TAMS 0x0000000093100000| PB 0x0000000093100000| Untracked |  0
| 306|0x0000000093200000, 0x0000000093200000, 0x0000000093300000|  0%| F|  |TAMS 0x0000000093200000| PB 0x0000000093200000| Untracked |  0
| 307|0x0000000093300000, 0x0000000093300000, 0x0000000093400000|  0%| F|  |TAMS 0x0000000093300000| PB 0x0000000093300000| Untracked |  0
| 308|0x0000000093400000, 0x0000000093400000, 0x0000000093500000|  0%| F|  |TAMS 0x0000000093400000| PB 0x0000000093400000| Untracked |  0
| 309|0x0000000093500000, 0x0000000093500000, 0x0000000093600000|  0%| F|  |TAMS 0x0000000093500000| PB 0x0000000093500000| Untracked |  0
| 310|0x0000000093600000, 0x0000000093600000, 0x0000000093700000|  0%| F|  |TAMS 0x0000000093600000| PB 0x0000000093600000| Untracked |  0
| 311|0x0000000093700000, 0x0000000093700000, 0x0000000093800000|  0%| F|  |TAMS 0x0000000093700000| PB 0x0000000093700000| Untracked |  0
| 312|0x0000000093800000, 0x0000000093800000, 0x0000000093900000|  0%| F|  |TAMS 0x0000000093800000| PB 0x0000000093800000| Untracked |  0
| 313|0x0000000093900000, 0x0000000093900000, 0x0000000093a00000|  0%| F|  |TAMS 0x0000000093900000| PB 0x0000000093900000| Untracked |  0
| 314|0x0000000093a00000, 0x0000000093a00000, 0x0000000093b00000|  0%| F|  |TAMS 0x0000000093a00000| PB 0x0000000093a00000| Untracked |  0
| 315|0x0000000093b00000, 0x0000000093b00000, 0x0000000093c00000|  0%| F|  |TAMS 0x0000000093b00000| PB 0x0000000093b00000| Untracked |  0
| 316|0x0000000093c00000, 0x0000000093c00000, 0x0000000093d00000|  0%| F|  |TAMS 0x0000000093c00000| PB 0x0000000093c00000| Untracked |  0
| 317|0x0000000093d00000, 0x0000000093d00000, 0x0000000093e00000|  0%| F|  |TAMS 0x0000000093d00000| PB 0x0000000093d00000| Untracked |  0
| 318|0x0000000093e00000, 0x0000000093e00000, 0x0000000093f00000|  0%| F|  |TAMS 0x0000000093e00000| PB 0x0000000093e00000| Untracked |  0
| 319|0x0000000093f00000, 0x0000000093f00000, 0x0000000094000000|  0%| F|  |TAMS 0x0000000093f00000| PB 0x0000000093f00000| Untracked |  0
| 320|0x0000000094000000, 0x0000000094000000, 0x0000000094100000|  0%| F|  |TAMS 0x0000000094000000| PB 0x0000000094000000| Untracked |  0
| 321|0x0000000094100000, 0x0000000094100000, 0x0000000094200000|  0%| F|  |TAMS 0x0000000094100000| PB 0x0000000094100000| Untracked |  0
| 322|0x0000000094200000, 0x0000000094200000, 0x0000000094300000|  0%| F|  |TAMS 0x0000000094200000| PB 0x0000000094200000| Untracked |  0
| 323|0x0000000094300000, 0x0000000094300000, 0x0000000094400000|  0%| F|  |TAMS 0x0000000094300000| PB 0x0000000094300000| Untracked |  0
| 324|0x0000000094400000, 0x0000000094400000, 0x0000000094500000|  0%| F|  |TAMS 0x0000000094400000| PB 0x0000000094400000| Untracked |  0
| 325|0x0000000094500000, 0x0000000094500000, 0x0000000094600000|  0%| F|  |TAMS 0x0000000094500000| PB 0x0000000094500000| Untracked |  0
| 326|0x0000000094600000, 0x0000000094600000, 0x0000000094700000|  0%| F|  |TAMS 0x0000000094600000| PB 0x0000000094600000| Untracked |  0
| 327|0x0000000094700000, 0x0000000094700000, 0x0000000094800000|  0%| F|  |TAMS 0x0000000094700000| PB 0x0000000094700000| Untracked |  0
| 328|0x0000000094800000, 0x0000000094800000, 0x0000000094900000|  0%| F|  |TAMS 0x0000000094800000| PB 0x0000000094800000| Untracked |  0
| 329|0x0000000094900000, 0x0000000094900000, 0x0000000094a00000|  0%| F|  |TAMS 0x0000000094900000| PB 0x0000000094900000| Untracked |  0
| 330|0x0000000094a00000, 0x0000000094a00000, 0x0000000094b00000|  0%| F|  |TAMS 0x0000000094a00000| PB 0x0000000094a00000| Untracked |  0
| 331|0x0000000094b00000, 0x0000000094b00000, 0x0000000094c00000|  0%| F|  |TAMS 0x0000000094b00000| PB 0x0000000094b00000| Untracked |  0
| 332|0x0000000094c00000, 0x0000000094c00000, 0x0000000094d00000|  0%| F|  |TAMS 0x0000000094c00000| PB 0x0000000094c00000| Untracked |  0
| 333|0x0000000094d00000, 0x0000000094d00000, 0x0000000094e00000|  0%| F|  |TAMS 0x0000000094d00000| PB 0x0000000094d00000| Untracked |  0
| 334|0x0000000094e00000, 0x0000000094e00000, 0x0000000094f00000|  0%| F|  |TAMS 0x0000000094e00000| PB 0x0000000094e00000| Untracked |  0
| 335|0x0000000094f00000, 0x0000000094f00000, 0x0000000095000000|  0%| F|  |TAMS 0x0000000094f00000| PB 0x0000000094f00000| Untracked |  0
| 336|0x0000000095000000, 0x0000000095000000, 0x0000000095100000|  0%| F|  |TAMS 0x0000000095000000| PB 0x0000000095000000| Untracked |  0
| 337|0x0000000095100000, 0x0000000095100000, 0x0000000095200000|  0%| F|  |TAMS 0x0000000095100000| PB 0x0000000095100000| Untracked |  0
| 338|0x0000000095200000, 0x0000000095200000, 0x0000000095300000|  0%| F|  |TAMS 0x0000000095200000| PB 0x0000000095200000| Untracked |  0
| 339|0x0000000095300000, 0x0000000095300000, 0x0000000095400000|  0%| F|  |TAMS 0x0000000095300000| PB 0x0000000095300000| Untracked |  0
| 340|0x0000000095400000, 0x0000000095400000, 0x0000000095500000|  0%| F|  |TAMS 0x0000000095400000| PB 0x0000000095400000| Untracked |  0
| 341|0x0000000095500000, 0x0000000095500000, 0x0000000095600000|  0%| F|  |TAMS 0x0000000095500000| PB 0x0000000095500000| Untracked |  0
| 342|0x0000000095600000, 0x0000000095600000, 0x0000000095700000|  0%| F|  |TAMS 0x0000000095600000| PB 0x0000000095600000| Untracked |  0
| 343|0x0000000095700000, 0x0000000095700000, 0x0000000095800000|  0%| F|  |TAMS 0x0000000095700000| PB 0x0000000095700000| Untracked |  0
| 344|0x0000000095800000, 0x0000000095800000, 0x0000000095900000|  0%| F|  |TAMS 0x0000000095800000| PB 0x0000000095800000| Untracked |  0
| 345|0x0000000095900000, 0x0000000095900000, 0x0000000095a00000|  0%| F|  |TAMS 0x0000000095900000| PB 0x0000000095900000| Untracked |  0
| 346|0x0000000095a00000, 0x0000000095a00000, 0x0000000095b00000|  0%| F|  |TAMS 0x0000000095a00000| PB 0x0000000095a00000| Untracked |  0
| 347|0x0000000095b00000, 0x0000000095b00000, 0x0000000095c00000|  0%| F|  |TAMS 0x0000000095b00000| PB 0x0000000095b00000| Untracked |  0
| 348|0x0000000095c00000, 0x0000000095c00000, 0x0000000095d00000|  0%| F|  |TAMS 0x0000000095c00000| PB 0x0000000095c00000| Untracked |  0
| 349|0x0000000095d00000, 0x0000000095d00000, 0x0000000095e00000|  0%| F|  |TAMS 0x0000000095d00000| PB 0x0000000095d00000| Untracked |  0
| 350|0x0000000095e00000, 0x0000000095e00000, 0x0000000095f00000|  0%| F|  |TAMS 0x0000000095e00000| PB 0x0000000095e00000| Untracked |  0
| 351|0x0000000095f00000, 0x0000000095f00000, 0x0000000096000000|  0%| F|  |TAMS 0x0000000095f00000| PB 0x0000000095f00000| Untracked |  0
| 352|0x0000000096000000, 0x0000000096000000, 0x0000000096100000|  0%| F|  |TAMS 0x0000000096000000| PB 0x0000000096000000| Untracked |  0
| 353|0x0000000096100000, 0x0000000096100000, 0x0000000096200000|  0%| F|  |TAMS 0x0000000096100000| PB 0x0000000096100000| Untracked |  0
| 354|0x0000000096200000, 0x0000000096200000, 0x0000000096300000|  0%| F|  |TAMS 0x0000000096200000| PB 0x0000000096200000| Untracked |  0
| 355|0x0000000096300000, 0x0000000096300000, 0x0000000096400000|  0%| F|  |TAMS 0x0000000096300000| PB 0x0000000096300000| Untracked |  0
| 356|0x0000000096400000, 0x0000000096400000, 0x0000000096500000|  0%| F|  |TAMS 0x0000000096400000| PB 0x0000000096400000| Untracked |  0
| 357|0x0000000096500000, 0x0000000096500000, 0x0000000096600000|  0%| F|  |TAMS 0x0000000096500000| PB 0x0000000096500000| Untracked |  0
| 358|0x0000000096600000, 0x0000000096600000, 0x0000000096700000|  0%| F|  |TAMS 0x0000000096600000| PB 0x0000000096600000| Untracked |  0
| 359|0x0000000096700000, 0x0000000096700000, 0x0000000096800000|  0%| F|  |TAMS 0x0000000096700000| PB 0x0000000096700000| Untracked |  0
| 360|0x0000000096800000, 0x0000000096800000, 0x0000000096900000|  0%| F|  |TAMS 0x0000000096800000| PB 0x0000000096800000| Untracked |  0
| 361|0x0000000096900000, 0x0000000096900000, 0x0000000096a00000|  0%| F|  |TAMS 0x0000000096900000| PB 0x0000000096900000| Untracked |  0
| 362|0x0000000096a00000, 0x0000000096a00000, 0x0000000096b00000|  0%| F|  |TAMS 0x0000000096a00000| PB 0x0000000096a00000| Untracked |  0
| 363|0x0000000096b00000, 0x0000000096b00000, 0x0000000096c00000|  0%| F|  |TAMS 0x0000000096b00000| PB 0x0000000096b00000| Untracked |  0
| 364|0x0000000096c00000, 0x0000000096c00000, 0x0000000096d00000|  0%| F|  |TAMS 0x0000000096c00000| PB 0x0000000096c00000| Untracked |  0
| 365|0x0000000096d00000, 0x0000000096d00000, 0x0000000096e00000|  0%| F|  |TAMS 0x0000000096d00000| PB 0x0000000096d00000| Untracked |  0
| 366|0x0000000096e00000, 0x0000000096e00000, 0x0000000096f00000|  0%| F|  |TAMS 0x0000000096e00000| PB 0x0000000096e00000| Untracked |  0
| 367|0x0000000096f00000, 0x0000000096f00000, 0x0000000097000000|  0%| F|  |TAMS 0x0000000096f00000| PB 0x0000000096f00000| Untracked |  0
| 368|0x0000000097000000, 0x0000000097000000, 0x0000000097100000|  0%| F|  |TAMS 0x0000000097000000| PB 0x0000000097000000| Untracked |  0
| 369|0x0000000097100000, 0x0000000097100000, 0x0000000097200000|  0%| F|  |TAMS 0x0000000097100000| PB 0x0000000097100000| Untracked |  0
| 370|0x0000000097200000, 0x0000000097200000, 0x0000000097300000|  0%| F|  |TAMS 0x0000000097200000| PB 0x0000000097200000| Untracked |  0
| 371|0x0000000097300000, 0x0000000097300000, 0x0000000097400000|  0%| F|  |TAMS 0x0000000097300000| PB 0x0000000097300000| Untracked |  0
| 372|0x0000000097400000, 0x0000000097400000, 0x0000000097500000|  0%| F|  |TAMS 0x0000000097400000| PB 0x0000000097400000| Untracked |  0
| 373|0x0000000097500000, 0x0000000097500000, 0x0000000097600000|  0%| F|  |TAMS 0x0000000097500000| PB 0x0000000097500000| Untracked |  0
| 374|0x0000000097600000, 0x0000000097600000, 0x0000000097700000|  0%| F|  |TAMS 0x0000000097600000| PB 0x0000000097600000| Untracked |  0
| 375|0x0000000097700000, 0x0000000097700000, 0x0000000097800000|  0%| F|  |TAMS 0x0000000097700000| PB 0x0000000097700000| Untracked |  0
| 376|0x0000000097800000, 0x0000000097800000, 0x0000000097900000|  0%| F|  |TAMS 0x0000000097800000| PB 0x0000000097800000| Untracked |  0
| 377|0x0000000097900000, 0x0000000097900000, 0x0000000097a00000|  0%| F|  |TAMS 0x0000000097900000| PB 0x0000000097900000| Untracked |  0
| 378|0x0000000097a00000, 0x0000000097a00000, 0x0000000097b00000|  0%| F|  |TAMS 0x0000000097a00000| PB 0x0000000097a00000| Untracked |  0
| 379|0x0000000097b00000, 0x0000000097b00000, 0x0000000097c00000|  0%| F|  |TAMS 0x0000000097b00000| PB 0x0000000097b00000| Untracked |  0
| 380|0x0000000097c00000, 0x0000000097c00000, 0x0000000097d00000|  0%| F|  |TAMS 0x0000000097c00000| PB 0x0000000097c00000| Untracked |  0
| 381|0x0000000097d00000, 0x0000000097d00000, 0x0000000097e00000|  0%| F|  |TAMS 0x0000000097d00000| PB 0x0000000097d00000| Untracked |  0
| 382|0x0000000097e00000, 0x0000000097e00000, 0x0000000097f00000|  0%| F|  |TAMS 0x0000000097e00000| PB 0x0000000097e00000| Untracked |  0
| 383|0x0000000097f00000, 0x0000000097f00000, 0x0000000098000000|  0%| F|  |TAMS 0x0000000097f00000| PB 0x0000000097f00000| Untracked |  0
| 384|0x0000000098000000, 0x0000000098000000, 0x0000000098100000|  0%| F|  |TAMS 0x0000000098000000| PB 0x0000000098000000| Untracked |  0
| 385|0x0000000098100000, 0x0000000098100000, 0x0000000098200000|  0%| F|  |TAMS 0x0000000098100000| PB 0x0000000098100000| Untracked |  0
| 386|0x0000000098200000, 0x0000000098200000, 0x0000000098300000|  0%| F|  |TAMS 0x0000000098200000| PB 0x0000000098200000| Untracked |  0
| 387|0x0000000098300000, 0x0000000098300000, 0x0000000098400000|  0%| F|  |TAMS 0x0000000098300000| PB 0x0000000098300000| Untracked |  0
| 388|0x0000000098400000, 0x0000000098400000, 0x0000000098500000|  0%| F|  |TAMS 0x0000000098400000| PB 0x0000000098400000| Untracked |  0
| 389|0x0000000098500000, 0x0000000098500000, 0x0000000098600000|  0%| F|  |TAMS 0x0000000098500000| PB 0x0000000098500000| Untracked |  0
| 390|0x0000000098600000, 0x0000000098600000, 0x0000000098700000|  0%| F|  |TAMS 0x0000000098600000| PB 0x0000000098600000| Untracked |  0
| 391|0x0000000098700000, 0x0000000098700000, 0x0000000098800000|  0%| F|  |TAMS 0x0000000098700000| PB 0x0000000098700000| Untracked |  0
| 392|0x0000000098800000, 0x0000000098800000, 0x0000000098900000|  0%| F|  |TAMS 0x0000000098800000| PB 0x0000000098800000| Untracked |  0
| 393|0x0000000098900000, 0x0000000098900000, 0x0000000098a00000|  0%| F|  |TAMS 0x0000000098900000| PB 0x0000000098900000| Untracked |  0
| 394|0x0000000098a00000, 0x0000000098a00000, 0x0000000098b00000|  0%| F|  |TAMS 0x0000000098a00000| PB 0x0000000098a00000| Untracked |  0
| 395|0x0000000098b00000, 0x0000000098b00000, 0x0000000098c00000|  0%| F|  |TAMS 0x0000000098b00000| PB 0x0000000098b00000| Untracked |  0
| 396|0x0000000098c00000, 0x0000000098c00000, 0x0000000098d00000|  0%| F|  |TAMS 0x0000000098c00000| PB 0x0000000098c00000| Untracked |  0
| 397|0x0000000098d00000, 0x0000000098d00000, 0x0000000098e00000|  0%| F|  |TAMS 0x0000000098d00000| PB 0x0000000098d00000| Untracked |  0
| 398|0x0000000098e00000, 0x0000000098e00000, 0x0000000098f00000|  0%| F|  |TAMS 0x0000000098e00000| PB 0x0000000098e00000| Untracked |  0
| 399|0x0000000098f00000, 0x0000000098f00000, 0x0000000099000000|  0%| F|  |TAMS 0x0000000098f00000| PB 0x0000000098f00000| Untracked |  0
| 400|0x0000000099000000, 0x0000000099000000, 0x0000000099100000|  0%| F|  |TAMS 0x0000000099000000| PB 0x0000000099000000| Untracked |  0
| 401|0x0000000099100000, 0x0000000099100000, 0x0000000099200000|  0%| F|  |TAMS 0x0000000099100000| PB 0x0000000099100000| Untracked |  0
| 402|0x0000000099200000, 0x0000000099200000, 0x0000000099300000|  0%| F|  |TAMS 0x0000000099200000| PB 0x0000000099200000| Untracked |  0
| 403|0x0000000099300000, 0x0000000099300000, 0x0000000099400000|  0%| F|  |TAMS 0x0000000099300000| PB 0x0000000099300000| Untracked |  0
| 404|0x0000000099400000, 0x0000000099400000, 0x0000000099500000|  0%| F|  |TAMS 0x0000000099400000| PB 0x0000000099400000| Untracked |  0
| 405|0x0000000099500000, 0x0000000099500000, 0x0000000099600000|  0%| F|  |TAMS 0x0000000099500000| PB 0x0000000099500000| Untracked |  0
| 406|0x0000000099600000, 0x0000000099600000, 0x0000000099700000|  0%| F|  |TAMS 0x0000000099600000| PB 0x0000000099600000| Untracked |  0
| 407|0x0000000099700000, 0x0000000099700000, 0x0000000099800000|  0%| F|  |TAMS 0x0000000099700000| PB 0x0000000099700000| Untracked |  0
| 408|0x0000000099800000, 0x0000000099800000, 0x0000000099900000|  0%| F|  |TAMS 0x0000000099800000| PB 0x0000000099800000| Untracked |  0
| 409|0x0000000099900000, 0x0000000099900000, 0x0000000099a00000|  0%| F|  |TAMS 0x0000000099900000| PB 0x0000000099900000| Untracked |  0
| 410|0x0000000099a00000, 0x0000000099a00000, 0x0000000099b00000|  0%| F|  |TAMS 0x0000000099a00000| PB 0x0000000099a00000| Untracked |  0
| 411|0x0000000099b00000, 0x0000000099b00000, 0x0000000099c00000|  0%| F|  |TAMS 0x0000000099b00000| PB 0x0000000099b00000| Untracked |  0
| 412|0x0000000099c00000, 0x0000000099c00000, 0x0000000099d00000|  0%| F|  |TAMS 0x0000000099c00000| PB 0x0000000099c00000| Untracked |  0
| 413|0x0000000099d00000, 0x0000000099d00000, 0x0000000099e00000|  0%| F|  |TAMS 0x0000000099d00000| PB 0x0000000099d00000| Untracked |  0
| 414|0x0000000099e00000, 0x0000000099e00000, 0x0000000099f00000|  0%| F|  |TAMS 0x0000000099e00000| PB 0x0000000099e00000| Untracked |  0
| 415|0x0000000099f00000, 0x0000000099f00000, 0x000000009a000000|  0%| F|  |TAMS 0x0000000099f00000| PB 0x0000000099f00000| Untracked |  0
| 416|0x000000009a000000, 0x000000009a000000, 0x000000009a100000|  0%| F|  |TAMS 0x000000009a000000| PB 0x000000009a000000| Untracked |  0
| 417|0x000000009a100000, 0x000000009a100000, 0x000000009a200000|  0%| F|  |TAMS 0x000000009a100000| PB 0x000000009a100000| Untracked |  0
| 418|0x000000009a200000, 0x000000009a200000, 0x000000009a300000|  0%| F|  |TAMS 0x000000009a200000| PB 0x000000009a200000| Untracked |  0
| 419|0x000000009a300000, 0x000000009a300000, 0x000000009a400000|  0%| F|  |TAMS 0x000000009a300000| PB 0x000000009a300000| Untracked |  0
| 420|0x000000009a400000, 0x000000009a400000, 0x000000009a500000|  0%| F|  |TAMS 0x000000009a400000| PB 0x000000009a400000| Untracked |  0
| 421|0x000000009a500000, 0x000000009a500000, 0x000000009a600000|  0%| F|  |TAMS 0x000000009a500000| PB 0x000000009a500000| Untracked |  0
| 422|0x000000009a600000, 0x000000009a600000, 0x000000009a700000|  0%| F|  |TAMS 0x000000009a600000| PB 0x000000009a600000| Untracked |  0
| 423|0x000000009a700000, 0x000000009a700000, 0x000000009a800000|  0%| F|  |TAMS 0x000000009a700000| PB 0x000000009a700000| Untracked |  0
| 424|0x000000009a800000, 0x000000009a800000, 0x000000009a900000|  0%| F|  |TAMS 0x000000009a800000| PB 0x000000009a800000| Untracked |  0
| 425|0x000000009a900000, 0x000000009a900000, 0x000000009aa00000|  0%| F|  |TAMS 0x000000009a900000| PB 0x000000009a900000| Untracked |  0
| 426|0x000000009aa00000, 0x000000009aa00000, 0x000000009ab00000|  0%| F|  |TAMS 0x000000009aa00000| PB 0x000000009aa00000| Untracked |  0
| 427|0x000000009ab00000, 0x000000009ab00000, 0x000000009ac00000|  0%| F|  |TAMS 0x000000009ab00000| PB 0x000000009ab00000| Untracked |  0
| 428|0x000000009ac00000, 0x000000009ac00000, 0x000000009ad00000|  0%| F|  |TAMS 0x000000009ac00000| PB 0x000000009ac00000| Untracked |  0
| 429|0x000000009ad00000, 0x000000009ad00000, 0x000000009ae00000|  0%| F|  |TAMS 0x000000009ad00000| PB 0x000000009ad00000| Untracked |  0
| 430|0x000000009ae00000, 0x000000009ae00000, 0x000000009af00000|  0%| F|  |TAMS 0x000000009ae00000| PB 0x000000009ae00000| Untracked |  0
| 431|0x000000009af00000, 0x000000009af00000, 0x000000009b000000|  0%| F|  |TAMS 0x000000009af00000| PB 0x000000009af00000| Untracked |  0
| 432|0x000000009b000000, 0x000000009b000000, 0x000000009b100000|  0%| F|  |TAMS 0x000000009b000000| PB 0x000000009b000000| Untracked |  0
| 433|0x000000009b100000, 0x000000009b100000, 0x000000009b200000|  0%| F|  |TAMS 0x000000009b100000| PB 0x000000009b100000| Untracked |  0
| 434|0x000000009b200000, 0x000000009b200000, 0x000000009b300000|  0%| F|  |TAMS 0x000000009b200000| PB 0x000000009b200000| Untracked |  0
| 435|0x000000009b300000, 0x000000009b300000, 0x000000009b400000|  0%| F|  |TAMS 0x000000009b300000| PB 0x000000009b300000| Untracked |  0
| 436|0x000000009b400000, 0x000000009b400000, 0x000000009b500000|  0%| F|  |TAMS 0x000000009b400000| PB 0x000000009b400000| Untracked |  0
| 437|0x000000009b500000, 0x000000009b500000, 0x000000009b600000|  0%| F|  |TAMS 0x000000009b500000| PB 0x000000009b500000| Untracked |  0
| 438|0x000000009b600000, 0x000000009b600000, 0x000000009b700000|  0%| F|  |TAMS 0x000000009b600000| PB 0x000000009b600000| Untracked |  0
| 439|0x000000009b700000, 0x000000009b700000, 0x000000009b800000|  0%| F|  |TAMS 0x000000009b700000| PB 0x000000009b700000| Untracked |  0
| 440|0x000000009b800000, 0x000000009b800000, 0x000000009b900000|  0%| F|  |TAMS 0x000000009b800000| PB 0x000000009b800000| Untracked |  0
| 441|0x000000009b900000, 0x000000009b900000, 0x000000009ba00000|  0%| F|  |TAMS 0x000000009b900000| PB 0x000000009b900000| Untracked |  0
| 442|0x000000009ba00000, 0x000000009ba00000, 0x000000009bb00000|  0%| F|  |TAMS 0x000000009ba00000| PB 0x000000009ba00000| Untracked |  0
| 443|0x000000009bb00000, 0x000000009bb00000, 0x000000009bc00000|  0%| F|  |TAMS 0x000000009bb00000| PB 0x000000009bb00000| Untracked |  0
| 444|0x000000009bc00000, 0x000000009bc00000, 0x000000009bd00000|  0%| F|  |TAMS 0x000000009bc00000| PB 0x000000009bc00000| Untracked |  0
| 445|0x000000009bd00000, 0x000000009bd00000, 0x000000009be00000|  0%| F|  |TAMS 0x000000009bd00000| PB 0x000000009bd00000| Untracked |  0
| 446|0x000000009be00000, 0x000000009be00000, 0x000000009bf00000|  0%| F|  |TAMS 0x000000009be00000| PB 0x000000009be00000| Untracked |  0
| 447|0x000000009bf00000, 0x000000009bf00000, 0x000000009c000000|  0%| F|  |TAMS 0x000000009bf00000| PB 0x000000009bf00000| Untracked |  0
| 448|0x000000009c000000, 0x000000009c000000, 0x000000009c100000|  0%| F|  |TAMS 0x000000009c000000| PB 0x000000009c000000| Untracked |  0
| 449|0x000000009c100000, 0x000000009c100000, 0x000000009c200000|  0%| F|  |TAMS 0x000000009c100000| PB 0x000000009c100000| Untracked |  0
| 450|0x000000009c200000, 0x000000009c200000, 0x000000009c300000|  0%| F|  |TAMS 0x000000009c200000| PB 0x000000009c200000| Untracked |  0
| 451|0x000000009c300000, 0x000000009c300000, 0x000000009c400000|  0%| F|  |TAMS 0x000000009c300000| PB 0x000000009c300000| Untracked |  0
| 452|0x000000009c400000, 0x000000009c400000, 0x000000009c500000|  0%| F|  |TAMS 0x000000009c400000| PB 0x000000009c400000| Untracked |  0
| 453|0x000000009c500000, 0x000000009c500000, 0x000000009c600000|  0%| F|  |TAMS 0x000000009c500000| PB 0x000000009c500000| Untracked |  0
| 454|0x000000009c600000, 0x000000009c600000, 0x000000009c700000|  0%| F|  |TAMS 0x000000009c600000| PB 0x000000009c600000| Untracked |  0
| 455|0x000000009c700000, 0x000000009c700000, 0x000000009c800000|  0%| F|  |TAMS 0x000000009c700000| PB 0x000000009c700000| Untracked |  0
| 456|0x000000009c800000, 0x000000009c800000, 0x000000009c900000|  0%| F|  |TAMS 0x000000009c800000| PB 0x000000009c800000| Untracked |  0
| 457|0x000000009c900000, 0x000000009c900000, 0x000000009ca00000|  0%| F|  |TAMS 0x000000009c900000| PB 0x000000009c900000| Untracked |  0
| 458|0x000000009ca00000, 0x000000009ca00000, 0x000000009cb00000|  0%| F|  |TAMS 0x000000009ca00000| PB 0x000000009ca00000| Untracked |  0
| 459|0x000000009cb00000, 0x000000009cb00000, 0x000000009cc00000|  0%| F|  |TAMS 0x000000009cb00000| PB 0x000000009cb00000| Untracked |  0
| 460|0x000000009cc00000, 0x000000009cc00000, 0x000000009cd00000|  0%| F|  |TAMS 0x000000009cc00000| PB 0x000000009cc00000| Untracked |  0
| 461|0x000000009cd00000, 0x000000009cd00000, 0x000000009ce00000|  0%| F|  |TAMS 0x000000009cd00000| PB 0x000000009cd00000| Untracked |  0
| 462|0x000000009ce00000, 0x000000009ce00000, 0x000000009cf00000|  0%| F|  |TAMS 0x000000009ce00000| PB 0x000000009ce00000| Untracked |  0
| 463|0x000000009cf00000, 0x000000009cf00000, 0x000000009d000000|  0%| F|  |TAMS 0x000000009cf00000| PB 0x000000009cf00000| Untracked |  0
| 464|0x000000009d000000, 0x000000009d000000, 0x000000009d100000|  0%| F|  |TAMS 0x000000009d000000| PB 0x000000009d000000| Untracked |  0
| 465|0x000000009d100000, 0x000000009d100000, 0x000000009d200000|  0%| F|  |TAMS 0x000000009d100000| PB 0x000000009d100000| Untracked |  0
| 466|0x000000009d200000, 0x000000009d200000, 0x000000009d300000|  0%| F|  |TAMS 0x000000009d200000| PB 0x000000009d200000| Untracked |  0
| 467|0x000000009d300000, 0x000000009d300000, 0x000000009d400000|  0%| F|  |TAMS 0x000000009d300000| PB 0x000000009d300000| Untracked |  0
| 468|0x000000009d400000, 0x000000009d400000, 0x000000009d500000|  0%| F|  |TAMS 0x000000009d400000| PB 0x000000009d400000| Untracked |  0
| 469|0x000000009d500000, 0x000000009d500000, 0x000000009d600000|  0%| F|  |TAMS 0x000000009d500000| PB 0x000000009d500000| Untracked |  0
| 470|0x000000009d600000, 0x000000009d600000, 0x000000009d700000|  0%| F|  |TAMS 0x000000009d600000| PB 0x000000009d600000| Untracked |  0
| 471|0x000000009d700000, 0x000000009d700000, 0x000000009d800000|  0%| F|  |TAMS 0x000000009d700000| PB 0x000000009d700000| Untracked |  0
| 472|0x000000009d800000, 0x000000009d800000, 0x000000009d900000|  0%| F|  |TAMS 0x000000009d800000| PB 0x000000009d800000| Untracked |  0
| 473|0x000000009d900000, 0x000000009d900000, 0x000000009da00000|  0%| F|  |TAMS 0x000000009d900000| PB 0x000000009d900000| Untracked |  0
| 474|0x000000009da00000, 0x000000009da00000, 0x000000009db00000|  0%| F|  |TAMS 0x000000009da00000| PB 0x000000009da00000| Untracked |  0
| 475|0x000000009db00000, 0x000000009db00000, 0x000000009dc00000|  0%| F|  |TAMS 0x000000009db00000| PB 0x000000009db00000| Untracked |  0
| 476|0x000000009dc00000, 0x000000009dc00000, 0x000000009dd00000|  0%| F|  |TAMS 0x000000009dc00000| PB 0x000000009dc00000| Untracked |  0
| 477|0x000000009dd00000, 0x000000009dd00000, 0x000000009de00000|  0%| F|  |TAMS 0x000000009dd00000| PB 0x000000009dd00000| Untracked |  0
| 478|0x000000009de00000, 0x000000009de00000, 0x000000009df00000|  0%| F|  |TAMS 0x000000009de00000| PB 0x000000009de00000| Untracked |  0
| 479|0x000000009df00000, 0x000000009df00000, 0x000000009e000000|  0%| F|  |TAMS 0x000000009df00000| PB 0x000000009df00000| Untracked |  0
| 480|0x000000009e000000, 0x000000009e000000, 0x000000009e100000|  0%| F|  |TAMS 0x000000009e000000| PB 0x000000009e000000| Untracked |  0
| 481|0x000000009e100000, 0x000000009e100000, 0x000000009e200000|  0%| F|  |TAMS 0x000000009e100000| PB 0x000000009e100000| Untracked |  0
| 482|0x000000009e200000, 0x000000009e200000, 0x000000009e300000|  0%| F|  |TAMS 0x000000009e200000| PB 0x000000009e200000| Untracked |  0
| 483|0x000000009e300000, 0x000000009e300000, 0x000000009e400000|  0%| F|  |TAMS 0x000000009e300000| PB 0x000000009e300000| Untracked |  0
| 484|0x000000009e400000, 0x000000009e400000, 0x000000009e500000|  0%| F|  |TAMS 0x000000009e400000| PB 0x000000009e400000| Untracked |  0
| 485|0x000000009e500000, 0x000000009e500000, 0x000000009e600000|  0%| F|  |TAMS 0x000000009e500000| PB 0x000000009e500000| Untracked |  0
| 486|0x000000009e600000, 0x000000009e600000, 0x000000009e700000|  0%| F|  |TAMS 0x000000009e600000| PB 0x000000009e600000| Untracked |  0
| 487|0x000000009e700000, 0x000000009e700000, 0x000000009e800000|  0%| F|  |TAMS 0x000000009e700000| PB 0x000000009e700000| Untracked |  0
| 488|0x000000009e800000, 0x000000009e800000, 0x000000009e900000|  0%| F|  |TAMS 0x000000009e800000| PB 0x000000009e800000| Untracked |  0
| 489|0x000000009e900000, 0x000000009e900000, 0x000000009ea00000|  0%| F|  |TAMS 0x000000009e900000| PB 0x000000009e900000| Untracked |  0
| 490|0x000000009ea00000, 0x000000009ea00000, 0x000000009eb00000|  0%| F|  |TAMS 0x000000009ea00000| PB 0x000000009ea00000| Untracked |  0
| 491|0x000000009eb00000, 0x000000009eb00000, 0x000000009ec00000|  0%| F|  |TAMS 0x000000009eb00000| PB 0x000000009eb00000| Untracked |  0
| 492|0x000000009ec00000, 0x000000009ec00000, 0x000000009ed00000|  0%| F|  |TAMS 0x000000009ec00000| PB 0x000000009ec00000| Untracked |  0
| 493|0x000000009ed00000, 0x000000009ed00000, 0x000000009ee00000|  0%| F|  |TAMS 0x000000009ed00000| PB 0x000000009ed00000| Untracked |  0
| 494|0x000000009ee00000, 0x000000009ee00000, 0x000000009ef00000|  0%| F|  |TAMS 0x000000009ee00000| PB 0x000000009ee00000| Untracked |  0
| 495|0x000000009ef00000, 0x000000009ef00000, 0x000000009f000000|  0%| F|  |TAMS 0x000000009ef00000| PB 0x000000009ef00000| Untracked |  0
| 496|0x000000009f000000, 0x000000009f000000, 0x000000009f100000|  0%| F|  |TAMS 0x000000009f000000| PB 0x000000009f000000| Untracked |  0
| 497|0x000000009f100000, 0x000000009f100000, 0x000000009f200000|  0%| F|  |TAMS 0x000000009f100000| PB 0x000000009f100000| Untracked |  0
| 498|0x000000009f200000, 0x000000009f200000, 0x000000009f300000|  0%| F|  |TAMS 0x000000009f200000| PB 0x000000009f200000| Untracked |  0
| 499|0x000000009f300000, 0x000000009f300000, 0x000000009f400000|  0%| F|  |TAMS 0x000000009f300000| PB 0x000000009f300000| Untracked |  0
| 500|0x000000009f400000, 0x000000009f400000, 0x000000009f500000|  0%| F|  |TAMS 0x000000009f400000| PB 0x000000009f400000| Untracked |  0
| 501|0x000000009f500000, 0x000000009f500000, 0x000000009f600000|  0%| F|  |TAMS 0x000000009f500000| PB 0x000000009f500000| Untracked |  0
| 502|0x000000009f600000, 0x000000009f600000, 0x000000009f700000|  0%| F|  |TAMS 0x000000009f600000| PB 0x000000009f600000| Untracked |  0
| 503|0x000000009f700000, 0x000000009f700000, 0x000000009f800000|  0%| F|  |TAMS 0x000000009f700000| PB 0x000000009f700000| Untracked |  0
| 504|0x000000009f800000, 0x000000009f800000, 0x000000009f900000|  0%| F|  |TAMS 0x000000009f800000| PB 0x000000009f800000| Untracked |  0
| 505|0x000000009f900000, 0x000000009f900000, 0x000000009fa00000|  0%| F|  |TAMS 0x000000009f900000| PB 0x000000009f900000| Untracked |  0
| 506|0x000000009fa00000, 0x000000009fa00000, 0x000000009fb00000|  0%| F|  |TAMS 0x000000009fa00000| PB 0x000000009fa00000| Untracked |  0
| 507|0x000000009fb00000, 0x000000009fb00000, 0x000000009fc00000|  0%| F|  |TAMS 0x000000009fb00000| PB 0x000000009fb00000| Untracked |  0
| 508|0x000000009fc00000, 0x000000009fc00000, 0x000000009fd00000|  0%| F|  |TAMS 0x000000009fc00000| PB 0x000000009fc00000| Untracked |  0
| 509|0x000000009fd00000, 0x000000009fd00000, 0x000000009fe00000|  0%| F|  |TAMS 0x000000009fd00000| PB 0x000000009fd00000| Untracked |  0
| 510|0x000000009fe00000, 0x000000009fe00000, 0x000000009ff00000|  0%| F|  |TAMS 0x000000009fe00000| PB 0x000000009fe00000| Untracked |  0
| 511|0x000000009ff00000, 0x000000009ff00000, 0x00000000a0000000|  0%| F|  |TAMS 0x000000009ff00000| PB 0x000000009ff00000| Untracked |  0
| 512|0x00000000a0000000, 0x00000000a0000000, 0x00000000a0100000|  0%| F|  |TAMS 0x00000000a0000000| PB 0x00000000a0000000| Untracked |  0
| 513|0x00000000a0100000, 0x00000000a0100000, 0x00000000a0200000|  0%| F|  |TAMS 0x00000000a0100000| PB 0x00000000a0100000| Untracked |  0
| 514|0x00000000a0200000, 0x00000000a0200000, 0x00000000a0300000|  0%| F|  |TAMS 0x00000000a0200000| PB 0x00000000a0200000| Untracked |  0
| 515|0x00000000a0300000, 0x00000000a0300000, 0x00000000a0400000|  0%| F|  |TAMS 0x00000000a0300000| PB 0x00000000a0300000| Untracked |  0
| 516|0x00000000a0400000, 0x00000000a0400000, 0x00000000a0500000|  0%| F|  |TAMS 0x00000000a0400000| PB 0x00000000a0400000| Untracked |  0
| 517|0x00000000a0500000, 0x00000000a0500000, 0x00000000a0600000|  0%| F|  |TAMS 0x00000000a0500000| PB 0x00000000a0500000| Untracked |  0
| 518|0x00000000a0600000, 0x00000000a0600000, 0x00000000a0700000|  0%| F|  |TAMS 0x00000000a0600000| PB 0x00000000a0600000| Untracked |  0
| 519|0x00000000a0700000, 0x00000000a0700000, 0x00000000a0800000|  0%| F|  |TAMS 0x00000000a0700000| PB 0x00000000a0700000| Untracked |  0
| 520|0x00000000a0800000, 0x00000000a0800000, 0x00000000a0900000|  0%| F|  |TAMS 0x00000000a0800000| PB 0x00000000a0800000| Untracked |  0
| 521|0x00000000a0900000, 0x00000000a0900000, 0x00000000a0a00000|  0%| F|  |TAMS 0x00000000a0900000| PB 0x00000000a0900000| Untracked |  0
| 522|0x00000000a0a00000, 0x00000000a0a00000, 0x00000000a0b00000|  0%| F|  |TAMS 0x00000000a0a00000| PB 0x00000000a0a00000| Untracked |  0
| 523|0x00000000a0b00000, 0x00000000a0b00000, 0x00000000a0c00000|  0%| F|  |TAMS 0x00000000a0b00000| PB 0x00000000a0b00000| Untracked |  0
| 524|0x00000000a0c00000, 0x00000000a0c00000, 0x00000000a0d00000|  0%| F|  |TAMS 0x00000000a0c00000| PB 0x00000000a0c00000| Untracked |  0
| 525|0x00000000a0d00000, 0x00000000a0d00000, 0x00000000a0e00000|  0%| F|  |TAMS 0x00000000a0d00000| PB 0x00000000a0d00000| Untracked |  0
| 526|0x00000000a0e00000, 0x00000000a0e00000, 0x00000000a0f00000|  0%| F|  |TAMS 0x00000000a0e00000| PB 0x00000000a0e00000| Untracked |  0
| 527|0x00000000a0f00000, 0x00000000a0f00000, 0x00000000a1000000|  0%| F|  |TAMS 0x00000000a0f00000| PB 0x00000000a0f00000| Untracked |  0
| 528|0x00000000a1000000, 0x00000000a1000000, 0x00000000a1100000|  0%| F|  |TAMS 0x00000000a1000000| PB 0x00000000a1000000| Untracked |  0
| 529|0x00000000a1100000, 0x00000000a1100000, 0x00000000a1200000|  0%| F|  |TAMS 0x00000000a1100000| PB 0x00000000a1100000| Untracked |  0
| 530|0x00000000a1200000, 0x00000000a1200000, 0x00000000a1300000|  0%| F|  |TAMS 0x00000000a1200000| PB 0x00000000a1200000| Untracked |  0
| 531|0x00000000a1300000, 0x00000000a1300000, 0x00000000a1400000|  0%| F|  |TAMS 0x00000000a1300000| PB 0x00000000a1300000| Untracked |  0
| 532|0x00000000a1400000, 0x00000000a1400000, 0x00000000a1500000|  0%| F|  |TAMS 0x00000000a1400000| PB 0x00000000a1400000| Untracked |  0
| 533|0x00000000a1500000, 0x00000000a1500000, 0x00000000a1600000|  0%| F|  |TAMS 0x00000000a1500000| PB 0x00000000a1500000| Untracked |  0
| 534|0x00000000a1600000, 0x00000000a1600000, 0x00000000a1700000|  0%| F|  |TAMS 0x00000000a1600000| PB 0x00000000a1600000| Untracked |  0
| 535|0x00000000a1700000, 0x00000000a1700000, 0x00000000a1800000|  0%| F|  |TAMS 0x00000000a1700000| PB 0x00000000a1700000| Untracked |  0
| 536|0x00000000a1800000, 0x00000000a1800000, 0x00000000a1900000|  0%| F|  |TAMS 0x00000000a1800000| PB 0x00000000a1800000| Untracked |  0
| 537|0x00000000a1900000, 0x00000000a1900000, 0x00000000a1a00000|  0%| F|  |TAMS 0x00000000a1900000| PB 0x00000000a1900000| Untracked |  0
| 538|0x00000000a1a00000, 0x00000000a1a00000, 0x00000000a1b00000|  0%| F|  |TAMS 0x00000000a1a00000| PB 0x00000000a1a00000| Untracked |  0
| 539|0x00000000a1b00000, 0x00000000a1b00000, 0x00000000a1c00000|  0%| F|  |TAMS 0x00000000a1b00000| PB 0x00000000a1b00000| Untracked |  0
| 540|0x00000000a1c00000, 0x00000000a1c00000, 0x00000000a1d00000|  0%| F|  |TAMS 0x00000000a1c00000| PB 0x00000000a1c00000| Untracked |  0
| 541|0x00000000a1d00000, 0x00000000a1d00000, 0x00000000a1e00000|  0%| F|  |TAMS 0x00000000a1d00000| PB 0x00000000a1d00000| Untracked |  0
| 542|0x00000000a1e00000, 0x00000000a1e00000, 0x00000000a1f00000|  0%| F|  |TAMS 0x00000000a1e00000| PB 0x00000000a1e00000| Untracked |  0
| 543|0x00000000a1f00000, 0x00000000a1f00000, 0x00000000a2000000|  0%| F|  |TAMS 0x00000000a1f00000| PB 0x00000000a1f00000| Untracked |  0
| 544|0x00000000a2000000, 0x00000000a2000000, 0x00000000a2100000|  0%| F|  |TAMS 0x00000000a2000000| PB 0x00000000a2000000| Untracked |  0
| 545|0x00000000a2100000, 0x00000000a2100000, 0x00000000a2200000|  0%| F|  |TAMS 0x00000000a2100000| PB 0x00000000a2100000| Untracked |  0
| 546|0x00000000a2200000, 0x00000000a2200000, 0x00000000a2300000|  0%| F|  |TAMS 0x00000000a2200000| PB 0x00000000a2200000| Untracked |  0
| 547|0x00000000a2300000, 0x00000000a2300000, 0x00000000a2400000|  0%| F|  |TAMS 0x00000000a2300000| PB 0x00000000a2300000| Untracked |  0
| 548|0x00000000a2400000, 0x00000000a2400000, 0x00000000a2500000|  0%| F|  |TAMS 0x00000000a2400000| PB 0x00000000a2400000| Untracked |  0
| 549|0x00000000a2500000, 0x00000000a2500000, 0x00000000a2600000|  0%| F|  |TAMS 0x00000000a2500000| PB 0x00000000a2500000| Untracked |  0
| 550|0x00000000a2600000, 0x00000000a2600000, 0x00000000a2700000|  0%| F|  |TAMS 0x00000000a2600000| PB 0x00000000a2600000| Untracked |  0
| 551|0x00000000a2700000, 0x00000000a2700000, 0x00000000a2800000|  0%| F|  |TAMS 0x00000000a2700000| PB 0x00000000a2700000| Untracked |  0
| 552|0x00000000a2800000, 0x00000000a2800000, 0x00000000a2900000|  0%| F|  |TAMS 0x00000000a2800000| PB 0x00000000a2800000| Untracked |  0
| 553|0x00000000a2900000, 0x00000000a2900000, 0x00000000a2a00000|  0%| F|  |TAMS 0x00000000a2900000| PB 0x00000000a2900000| Untracked |  0
| 554|0x00000000a2a00000, 0x00000000a2a00000, 0x00000000a2b00000|  0%| F|  |TAMS 0x00000000a2a00000| PB 0x00000000a2a00000| Untracked |  0
| 555|0x00000000a2b00000, 0x00000000a2b00000, 0x00000000a2c00000|  0%| F|  |TAMS 0x00000000a2b00000| PB 0x00000000a2b00000| Untracked |  0
| 556|0x00000000a2c00000, 0x00000000a2c00000, 0x00000000a2d00000|  0%| F|  |TAMS 0x00000000a2c00000| PB 0x00000000a2c00000| Untracked |  0
| 557|0x00000000a2d00000, 0x00000000a2d00000, 0x00000000a2e00000|  0%| F|  |TAMS 0x00000000a2d00000| PB 0x00000000a2d00000| Untracked |  0
| 558|0x00000000a2e00000, 0x00000000a2e00000, 0x00000000a2f00000|  0%| F|  |TAMS 0x00000000a2e00000| PB 0x00000000a2e00000| Untracked |  0
| 559|0x00000000a2f00000, 0x00000000a2f00000, 0x00000000a3000000|  0%| F|  |TAMS 0x00000000a2f00000| PB 0x00000000a2f00000| Untracked |  0
| 560|0x00000000a3000000, 0x00000000a3000000, 0x00000000a3100000|  0%| F|  |TAMS 0x00000000a3000000| PB 0x00000000a3000000| Untracked |  0
| 561|0x00000000a3100000, 0x00000000a3100000, 0x00000000a3200000|  0%| F|  |TAMS 0x00000000a3100000| PB 0x00000000a3100000| Untracked |  0
| 562|0x00000000a3200000, 0x00000000a3200000, 0x00000000a3300000|  0%| F|  |TAMS 0x00000000a3200000| PB 0x00000000a3200000| Untracked |  0
| 563|0x00000000a3300000, 0x00000000a3300000, 0x00000000a3400000|  0%| F|  |TAMS 0x00000000a3300000| PB 0x00000000a3300000| Untracked |  0
| 564|0x00000000a3400000, 0x00000000a3400000, 0x00000000a3500000|  0%| F|  |TAMS 0x00000000a3400000| PB 0x00000000a3400000| Untracked |  0
| 565|0x00000000a3500000, 0x00000000a3500000, 0x00000000a3600000|  0%| F|  |TAMS 0x00000000a3500000| PB 0x00000000a3500000| Untracked |  0
| 566|0x00000000a3600000, 0x00000000a3600000, 0x00000000a3700000|  0%| F|  |TAMS 0x00000000a3600000| PB 0x00000000a3600000| Untracked |  0
| 567|0x00000000a3700000, 0x00000000a3700000, 0x00000000a3800000|  0%| F|  |TAMS 0x00000000a3700000| PB 0x00000000a3700000| Untracked |  0
| 568|0x00000000a3800000, 0x00000000a3800000, 0x00000000a3900000|  0%| F|  |TAMS 0x00000000a3800000| PB 0x00000000a3800000| Untracked |  0
| 569|0x00000000a3900000, 0x00000000a3900000, 0x00000000a3a00000|  0%| F|  |TAMS 0x00000000a3900000| PB 0x00000000a3900000| Untracked |  0
| 570|0x00000000a3a00000, 0x00000000a3a00000, 0x00000000a3b00000|  0%| F|  |TAMS 0x00000000a3a00000| PB 0x00000000a3a00000| Untracked |  0
| 571|0x00000000a3b00000, 0x00000000a3b00000, 0x00000000a3c00000|  0%| F|  |TAMS 0x00000000a3b00000| PB 0x00000000a3b00000| Untracked |  0
| 572|0x00000000a3c00000, 0x00000000a3c00000, 0x00000000a3d00000|  0%| F|  |TAMS 0x00000000a3c00000| PB 0x00000000a3c00000| Untracked |  0
| 573|0x00000000a3d00000, 0x00000000a3d00000, 0x00000000a3e00000|  0%| F|  |TAMS 0x00000000a3d00000| PB 0x00000000a3d00000| Untracked |  0
| 574|0x00000000a3e00000, 0x00000000a3e00000, 0x00000000a3f00000|  0%| F|  |TAMS 0x00000000a3e00000| PB 0x00000000a3e00000| Untracked |  0
| 575|0x00000000a3f00000, 0x00000000a3f00000, 0x00000000a4000000|  0%| F|  |TAMS 0x00000000a3f00000| PB 0x00000000a3f00000| Untracked |  0
| 576|0x00000000a4000000, 0x00000000a4000000, 0x00000000a4100000|  0%| F|  |TAMS 0x00000000a4000000| PB 0x00000000a4000000| Untracked |  0
| 577|0x00000000a4100000, 0x00000000a4100000, 0x00000000a4200000|  0%| F|  |TAMS 0x00000000a4100000| PB 0x00000000a4100000| Untracked |  0
| 578|0x00000000a4200000, 0x00000000a4200000, 0x00000000a4300000|  0%| F|  |TAMS 0x00000000a4200000| PB 0x00000000a4200000| Untracked |  0
| 579|0x00000000a4300000, 0x00000000a4300000, 0x00000000a4400000|  0%| F|  |TAMS 0x00000000a4300000| PB 0x00000000a4300000| Untracked |  0
| 580|0x00000000a4400000, 0x00000000a4400000, 0x00000000a4500000|  0%| F|  |TAMS 0x00000000a4400000| PB 0x00000000a4400000| Untracked |  0
| 581|0x00000000a4500000, 0x00000000a4500000, 0x00000000a4600000|  0%| F|  |TAMS 0x00000000a4500000| PB 0x00000000a4500000| Untracked |  0
| 582|0x00000000a4600000, 0x00000000a4600000, 0x00000000a4700000|  0%| F|  |TAMS 0x00000000a4600000| PB 0x00000000a4600000| Untracked |  0
| 583|0x00000000a4700000, 0x00000000a4700000, 0x00000000a4800000|  0%| F|  |TAMS 0x00000000a4700000| PB 0x00000000a4700000| Untracked |  0
|2027|0x00000000feb00000, 0x00000000fec00000, 0x00000000fec00000|100%| O|  |TAMS 0x00000000feb00000| PB 0x00000000feb00000| Untracked |  0
|2028|0x00000000fec00000, 0x00000000fed00000, 0x00000000fed00000|100%| O|  |TAMS 0x00000000fec00000| PB 0x00000000fec00000| Untracked |  0
|2029|0x00000000fed00000, 0x00000000fee00000, 0x00000000fee00000|100%| O|  |TAMS 0x00000000fed00000| PB 0x00000000fed00000| Untracked |  0
|2030|0x00000000fee00000, 0x00000000fef00000, 0x00000000fef00000|100%| O|  |TAMS 0x00000000fee00000| PB 0x00000000fee00000| Untracked |  0
|2031|0x00000000fef00000, 0x00000000fef00000, 0x00000000ff000000|  0%| F|  |TAMS 0x00000000fef00000| PB 0x00000000fef00000| Untracked |  0
|2032|0x00000000ff000000, 0x00000000ff000000, 0x00000000ff100000|  0%| F|  |TAMS 0x00000000ff000000| PB 0x00000000ff000000| Untracked |  0
|2033|0x00000000ff100000, 0x00000000ff100000, 0x00000000ff200000|  0%| F|  |TAMS 0x00000000ff100000| PB 0x00000000ff100000| Untracked |  0
|2034|0x00000000ff200000, 0x00000000ff200000, 0x00000000ff300000|  0%| F|  |TAMS 0x00000000ff200000| PB 0x00000000ff200000| Untracked |  0
|2035|0x00000000ff300000, 0x00000000ff300000, 0x00000000ff400000|  0%| F|  |TAMS 0x00000000ff300000| PB 0x00000000ff300000| Untracked |  0
|2036|0x00000000ff400000, 0x00000000ff500000, 0x00000000ff500000|100%| O|  |TAMS 0x00000000ff400000| PB 0x00000000ff400000| Untracked |  0
|2037|0x00000000ff500000, 0x00000000ff600000, 0x00000000ff600000|100%| O|  |TAMS 0x00000000ff500000| PB 0x00000000ff500000| Untracked |  0
|2038|0x00000000ff600000, 0x00000000ff700000, 0x00000000ff700000|100%| O|  |TAMS 0x00000000ff600000| PB 0x00000000ff600000| Untracked |  0
|2039|0x00000000ff700000, 0x00000000ff800000, 0x00000000ff800000|100%| O|  |TAMS 0x00000000ff700000| PB 0x00000000ff700000| Untracked |  0
|2040|0x00000000ff800000, 0x00000000ff800000, 0x00000000ff900000|  0%| F|  |TAMS 0x00000000ff800000| PB 0x00000000ff800000| Untracked |  0
|2041|0x00000000ff900000, 0x00000000ff900000, 0x00000000ffa00000|  0%| F|  |TAMS 0x00000000ff900000| PB 0x00000000ff900000| Untracked |  0
|2042|0x00000000ffa00000, 0x00000000ffa00000, 0x00000000ffb00000|  0%| F|  |TAMS 0x00000000ffa00000| PB 0x00000000ffa00000| Untracked |  0
|2043|0x00000000ffb00000, 0x00000000ffb00000, 0x00000000ffc00000|  0%| F|  |TAMS 0x00000000ffb00000| PB 0x00000000ffb00000| Untracked |  0
|2044|0x00000000ffc00000, 0x00000000ffc00000, 0x00000000ffd00000|  0%| F|  |TAMS 0x00000000ffc00000| PB 0x00000000ffc00000| Untracked |  0
|2045|0x00000000ffd00000, 0x00000000ffd00000, 0x00000000ffe00000|  0%| F|  |TAMS 0x00000000ffd00000| PB 0x00000000ffd00000| Untracked |  0
|2046|0x00000000ffe00000, 0x00000000fff00000, 0x00000000fff00000|100%| O|  |TAMS 0x00000000ffe00000| PB 0x00000000ffe00000| Untracked |  0
|2047|0x00000000fff00000, 0x0000000100000000, 0x0000000100000000|100%| O|  |TAMS 0x00000000fff00000| PB 0x00000000fff00000| Untracked |  0

Card table byte_map: [0x000001d272e40000,0x000001d273240000] _byte_map_base: 0x000001d272a40000

Marking Bits: (CMBitMap*) 0x000001d26ea933e0
 Bits: [0x000001d273240000, 0x000001d275240000)

Polling page: 0x000001d26ca00000

Metaspace:

Usage:
  Non-class:    116.02 MB used.
      Class:     15.89 MB used.
       Both:    131.91 MB used.

Virtual space:
  Non-class space:      128.00 MB reserved,     118.00 MB ( 92%) committed,  2 nodes.
      Class space:        1.00 GB reserved,      17.25 MB (  2%) committed,  1 nodes.
             Both:        1.12 GB reserved,     135.25 MB ( 12%) committed. 

Chunk freelists:
   Non-Class:  9.66 MB
       Class:  14.73 MB
        Both:  24.39 MB

MaxMetaspaceSize: unlimited
CompressedClassSpaceSize: 1.00 GB
Initial GC threshold: 21.00 MB
Current GC threshold: 224.38 MB
CDS: on
 - commit_granule_bytes: 65536.
 - commit_granule_words: 8192.
 - virtual_space_node_default_size: 8388608.
 - enlarge_chunks_in_place: 1.
 - use_allocation_guard: 0.


Internal statistics:

num_allocs_failed_limit: 27.
num_arena_births: 1848.
num_arena_deaths: 0.
num_vsnodes_births: 3.
num_vsnodes_deaths: 0.
num_space_committed: 2163.
num_space_uncommitted: 0.
num_chunks_returned_to_freelist: 27.
num_chunks_taken_from_freelist: 8605.
num_chunk_merges: 24.
num_chunk_splits: 5377.
num_chunks_enlarged: 2980.
num_inconsistent_stats: 0.

CodeHeap 'non-profiled nmethods': size=120064Kb used=9851Kb max_used=11223Kb free=110212Kb
 bounds [0x000001d207ac0000, 0x000001d2085d0000, 0x000001d20f000000]
CodeHeap 'profiled nmethods': size=120000Kb used=28584Kb max_used=34719Kb free=91415Kb
 bounds [0x000001d200000000, 0x000001d2021f0000, 0x000001d207530000]
CodeHeap 'non-nmethods': size=5696Kb used=2204Kb max_used=2276Kb free=3491Kb
 bounds [0x000001d207530000, 0x000001d2077a0000, 0x000001d207ac0000]
CodeCache: size=245760Kb, used=40639Kb, max_used=48218Kb, free=205118Kb
 total_blobs=17448, nmethods=16282, adapters=1066, full_count=0
Compilation: enabled, stopped_count=0, restarted_count=0

Compilation events (20 events):
Event: 615.960 Thread 0x000001d2754318b0 25230       2       org.eclipse.core.internal.dtree.AbstractDataTreeNode::assembleWith (177 bytes)
Event: 615.961 Thread 0x000001d2754318b0 nmethod 25230 0x000001d200240b88 code [0x000001d200240de0, 0x000001d2002417a0]
Event: 615.964 Thread 0x000001d27542cde0 nmethod 25065 0x000001d20821b888 code [0x000001d20821c260, 0x000001d208228858]
Event: 615.965 Thread 0x000001d27542cde0 24960       4       sun.nio.fs.WindowsPath::compareTo (118 bytes)
Event: 615.984 Thread 0x000001d27542cde0 nmethod 24960 0x000001d207ae8288 code [0x000001d207ae83c0, 0x000001d207ae8a48]
Event: 615.984 Thread 0x000001d27542cde0 25146       4       jdk.internal.classfile.impl.BufWriterImpl::writeU1 (8 bytes)
Event: 615.989 Thread 0x000001d27542cde0 nmethod 25146 0x000001d207d14308 code [0x000001d207d14420, 0x000001d207d14688]
Event: 615.989 Thread 0x000001d27542cde0 25144       4       jdk.internal.classfile.impl.DirectCodeBuilder::writeBytecode (37 bytes)
Event: 615.997 Thread 0x000001d27542cde0 nmethod 25144 0x000001d207b6d708 code [0x000001d207b6d840, 0x000001d207b6db48]
Event: 615.997 Thread 0x000001d27542cde0 25149       4       jdk.internal.classfile.impl.RawBytecodeHelper::rawNext (438 bytes)
Event: 616.005 Thread 0x000001d27542cde0 nmethod 25149 0x000001d207f64f08 code [0x000001d207f65080, 0x000001d207f654f0]
Event: 616.005 Thread 0x000001d27542cde0 25152       4       jdk.internal.constant.MethodTypeDescImpl::parameterCount (6 bytes)
Event: 616.007 Thread 0x000001d27542cde0 nmethod 25152 0x000001d207b36f88 code [0x000001d207b37080, 0x000001d207b37110]
Event: 616.007 Thread 0x000001d27542cde0 25224       4       org.eclipse.jdt.internal.core.index.DiskIndex::writeStreamChars (285 bytes)
Event: 616.017 Thread 0x000001d27542cde0 nmethod 25224 0x000001d207b42588 code [0x000001d207b426a0, 0x000001d207b42c20]
Event: 616.017 Thread 0x000001d27542cde0 25212 %     4       org.eclipse.jdt.internal.core.index.DiskIndex::writeCategoryTable @ 22 (252 bytes)
Event: 616.174 Thread 0x000001d27542cde0 nmethod 25212% 0x000001d208008e08 code [0x000001d208009100, 0x000001d20800bd50]
Event: 616.174 Thread 0x000001d27542cde0 25234       4       org.eclipse.jdt.internal.compiler.lookup.LookupEnvironment::getTypeFromTypeSignature (770 bytes)
Event: 616.190 Thread 0x000001d2754318b0 25236       2       java.lang.Thread::setContextClassLoader (28 bytes)
Event: 616.195 Thread 0x000001d2754318b0 nmethod 25236 0x000001d200b44908 code [0x000001d200b44a40, 0x000001d200b44d40]

GC Heap History (20 events):
Event: 565.799 GC heap after
{Heap after GC invocations=52 (full 0):
 garbage-first heap   total reserved 2097152K, committed 348160K, used 159868K [0x0000000080000000, 0x0000000100000000)
  region size 1024K, 2 young (2048K), 2 survivors (2048K)
 Metaspace       used 134328K, committed 137664K, reserved 1179648K
  class space    used 16248K, committed 17600K, reserved 1048576K
}
Event: 574.784 GC heap before
{Heap before GC invocations=52 (full 0):
 garbage-first heap   total reserved 2097152K, committed 348160K, used 174204K [0x0000000080000000, 0x0000000100000000)
  region size 1024K, 17 young (17408K), 2 survivors (2048K)
 Metaspace       used 134460K, committed 137792K, reserved 1179648K
  class space    used 16248K, committed 17600K, reserved 1048576K
}
Event: 574.842 GC heap after
{Heap after GC invocations=53 (full 0):
 garbage-first heap   total reserved 2097152K, committed 348160K, used 157121K [0x0000000080000000, 0x0000000100000000)
  region size 1024K, 2 young (2048K), 2 survivors (2048K)
 Metaspace       used 134460K, committed 137792K, reserved 1179648K
  class space    used 16248K, committed 17600K, reserved 1048576K
}
Event: 574.886 GC heap before
{Heap before GC invocations=53 (full 0):
 garbage-first heap   total reserved 2097152K, committed 348160K, used 172481K [0x0000000080000000, 0x0000000100000000)
  region size 1024K, 17 young (17408K), 2 survivors (2048K)
 Metaspace       used 134460K, committed 137792K, reserved 1179648K
  class space    used 16248K, committed 17600K, reserved 1048576K
}
Event: 574.963 GC heap after
{Heap after GC invocations=54 (full 0):
 garbage-first heap   total reserved 2097152K, committed 348160K, used 156813K [0x0000000080000000, 0x0000000100000000)
  region size 1024K, 3 young (3072K), 3 survivors (3072K)
 Metaspace       used 134460K, committed 137792K, reserved 1179648K
  class space    used 16248K, committed 17600K, reserved 1048576K
}
Event: 575.134 GC heap before
{Heap before GC invocations=54 (full 0):
 garbage-first heap   total reserved 2097152K, committed 348160K, used 167053K [0x0000000080000000, 0x0000000100000000)
  region size 1024K, 14 young (14336K), 3 survivors (3072K)
 Metaspace       used 134461K, committed 137792K, reserved 1179648K
  class space    used 16248K, committed 17600K, reserved 1048576K
}
Event: 575.222 GC heap after
{Heap after GC invocations=55 (full 0):
 garbage-first heap   total reserved 2097152K, committed 348160K, used 157384K [0x0000000080000000, 0x0000000100000000)
  region size 1024K, 4 young (4096K), 4 survivors (4096K)
 Metaspace       used 134461K, committed 137792K, reserved 1179648K
  class space    used 16248K, committed 17600K, reserved 1048576K
}
Event: 598.920 GC heap before
{Heap before GC invocations=56 (full 0):
 garbage-first heap   total reserved 2097152K, committed 348160K, used 275002K [0x0000000080000000, 0x0000000100000000)
  region size 1024K, 118 young (120832K), 4 survivors (4096K)
 Metaspace       used 134713K, committed 138112K, reserved 1179648K
  class space    used 16249K, committed 17600K, reserved 1048576K
}
Event: 599.055 GC heap after
{Heap after GC invocations=57 (full 0):
 garbage-first heap   total reserved 2097152K, committed 348160K, used 166176K [0x0000000080000000, 0x0000000100000000)
  region size 1024K, 13 young (13312K), 13 survivors (13312K)
 Metaspace       used 134713K, committed 138112K, reserved 1179648K
  class space    used 16249K, committed 17600K, reserved 1048576K
}
Event: 605.281 GC heap before
{Heap before GC invocations=57 (full 0):
 garbage-first heap   total reserved 2097152K, committed 348160K, used 209184K [0x0000000080000000, 0x0000000100000000)
  region size 1024K, 54 young (55296K), 13 survivors (13312K)
 Metaspace       used 134727K, committed 138112K, reserved 1179648K
  class space    used 16249K, committed 17600K, reserved 1048576K
}
Event: 605.317 GC heap after
{Heap after GC invocations=58 (full 0):
 garbage-first heap   total reserved 2097152K, committed 348160K, used 163280K [0x0000000080000000, 0x0000000100000000)
  region size 1024K, 3 young (3072K), 3 survivors (3072K)
 Metaspace       used 134727K, committed 138112K, reserved 1179648K
  class space    used 16249K, committed 17600K, reserved 1048576K
}
Event: 612.612 GC heap before
{Heap before GC invocations=58 (full 0):
 garbage-first heap   total reserved 2097152K, committed 348160K, used 253392K [0x0000000080000000, 0x0000000100000000)
  region size 1024K, 92 young (94208K), 3 survivors (3072K)
 Metaspace       used 134788K, committed 138176K, reserved 1179648K
  class space    used 16250K, committed 17600K, reserved 1048576K
}
Event: 612.636 GC heap after
{Heap after GC invocations=59 (full 0):
 garbage-first heap   total reserved 2097152K, committed 348160K, used 170947K [0x0000000080000000, 0x0000000100000000)
  region size 1024K, 12 young (12288K), 12 survivors (12288K)
 Metaspace       used 134788K, committed 138176K, reserved 1179648K
  class space    used 16250K, committed 17600K, reserved 1048576K
}
Event: 614.003 GC heap before
{Heap before GC invocations=59 (full 0):
 garbage-first heap   total reserved 2097152K, committed 348160K, used 260035K [0x0000000080000000, 0x0000000100000000)
  region size 1024K, 96 young (98304K), 12 survivors (12288K)
 Metaspace       used 134902K, committed 138240K, reserved 1179648K
  class space    used 16251K, committed 17600K, reserved 1048576K
}
Event: 614.072 GC heap after
{Heap after GC invocations=60 (full 0):
 garbage-first heap   total reserved 2097152K, committed 348160K, used 193536K [0x0000000080000000, 0x0000000100000000)
  region size 1024K, 12 young (12288K), 12 survivors (12288K)
 Metaspace       used 134902K, committed 138240K, reserved 1179648K
  class space    used 16251K, committed 17600K, reserved 1048576K
}
Event: 614.604 GC heap before
{Heap before GC invocations=60 (full 0):
 garbage-first heap   total reserved 2097152K, committed 348160K, used 235520K [0x0000000080000000, 0x0000000100000000)
  region size 1024K, 47 young (48128K), 12 survivors (12288K)
 Metaspace       used 134979K, committed 138304K, reserved 1179648K
  class space    used 16259K, committed 17600K, reserved 1048576K
}
Event: 614.651 GC heap after
{Heap after GC invocations=61 (full 0):
 garbage-first heap   total reserved 2097152K, committed 348160K, used 197183K [0x0000000080000000, 0x0000000100000000)
  region size 1024K, 5 young (5120K), 5 survivors (5120K)
 Metaspace       used 134979K, committed 138304K, reserved 1179648K
  class space    used 16259K, committed 17600K, reserved 1048576K
}
Event: 615.401 GC heap before
{Heap before GC invocations=61 (full 0):
 garbage-first heap   total reserved 2097152K, committed 348160K, used 293439K [0x0000000080000000, 0x0000000100000000)
  region size 1024K, 100 young (102400K), 5 survivors (5120K)
 Metaspace       used 135033K, committed 138432K, reserved 1179648K
  class space    used 16267K, committed 17664K, reserved 1048576K
}
Event: 615.535 GC heap after
{Heap after GC invocations=62 (full 0):
 garbage-first heap   total reserved 2097152K, committed 348160K, used 197245K [0x0000000080000000, 0x0000000100000000)
  region size 1024K, 9 young (9216K), 9 survivors (9216K)
 Metaspace       used 135033K, committed 138432K, reserved 1179648K
  class space    used 16267K, committed 17664K, reserved 1048576K
}
Event: 616.230 GC heap before
{Heap before GC invocations=62 (full 0):
 garbage-first heap   total reserved 2097152K, committed 348160K, used 304765K [0x0000000080000000, 0x0000000100000000)
  region size 1024K, 102 young (104448K), 9 survivors (9216K)
 Metaspace       used 135076K, committed 138496K, reserved 1179648K
  class space    used 16268K, committed 17664K, reserved 1048576K
}

Dll operation events (12 events):
Event: 0.064 Loaded shared library C:\Users\rahul\.p2\pool\plugins\org.eclipse.justj.openjdk.hotspot.jre.full.win32.x86_64_23.0.2.v20250131-0604\jre\bin\java.dll
Event: 0.201 Loaded shared library C:\Users\rahul\.p2\pool\plugins\org.eclipse.justj.openjdk.hotspot.jre.full.win32.x86_64_23.0.2.v20250131-0604\jre\bin\zip.dll
Event: 0.233 Loaded shared library C:\Users\rahul\.p2\pool\plugins\org.eclipse.justj.openjdk.hotspot.jre.full.win32.x86_64_23.0.2.v20250131-0604\jre\bin\net.dll
Event: 0.240 Loaded shared library C:\Users\rahul\.p2\pool\plugins\org.eclipse.justj.openjdk.hotspot.jre.full.win32.x86_64_23.0.2.v20250131-0604\jre\bin\nio.dll
Event: 1.038 Loaded shared library C:\Users\rahul\.p2\pool\plugins\org.eclipse.justj.openjdk.hotspot.jre.full.win32.x86_64_23.0.2.v20250131-0604\jre\bin\zip.dll
Event: 1.223 Loaded shared library C:\Users\rahul\.p2\pool\plugins\org.eclipse.justj.openjdk.hotspot.jre.full.win32.x86_64_23.0.2.v20250131-0604\jre\bin\jimage.dll
Event: 88.067 Loaded shared library C:\Users\rahul\.p2\pool\plugins\org.eclipse.justj.openjdk.hotspot.jre.full.win32.x86_64_23.0.2.v20250131-0604\jre\bin\verify.dll
Event: 90.728 Loaded shared library C:\Users\rahul\eclipse\java-2024-12\eclipse\configuration\org.eclipse.osgi\424\0\.cp\swt-win32-4967r8.dll
Event: 91.082 Loaded shared library C:\Users\rahul\eclipse\java-2024-12\eclipse\configuration\org.eclipse.osgi\424\0\.cp\swt-gdip-win32-4967r8.dll
Event: 114.672 Loaded shared library C:\Users\rahul\AppData\Local\Temp\jna-108274800\jna3814265650675881460.dll
Event: 115.987 Loaded shared library C:\Users\rahul\.p2\pool\plugins\org.eclipse.justj.openjdk.hotspot.jre.full.win32.x86_64_23.0.2.v20250131-0604\jre\bin\sunmscapi.dll
Event: 135.697 Loaded shared library C:\Users\rahul\.p2\pool\plugins\org.eclipse.justj.openjdk.hotspot.jre.full.win32.x86_64_23.0.2.v20250131-0604\jre\bin\extnet.dll

Deoptimization events (20 events):
Event: 615.910 Thread 0x000001d25c446080 DEOPT PACKING pc=0x000001d2018e22bc sp=0x00000089f9efda30
Event: 615.910 Thread 0x000001d25c446080 DEOPT UNPACKING pc=0x000001d207584b22 sp=0x00000089f9efceb0 mode 0
Event: 616.030 Thread 0x000001d25c446080 DEOPT PACKING pc=0x000001d2018e22bc sp=0x00000089f9efd960
Event: 616.030 Thread 0x000001d25c446080 DEOPT UNPACKING pc=0x000001d207584b22 sp=0x00000089f9efcde0 mode 0
Event: 616.099 Thread 0x000001d257c008a0 DEOPT PACKING pc=0x000001d2000c8743 sp=0x00000089f97ff000
Event: 616.099 Thread 0x000001d257c008a0 DEOPT UNPACKING pc=0x000001d207584b22 sp=0x00000089f97fe498 mode 0
Event: 616.102 Thread 0x000001d257c008a0 DEOPT PACKING pc=0x000001d2000c8743 sp=0x00000089f97ff000
Event: 616.102 Thread 0x000001d257c008a0 DEOPT UNPACKING pc=0x000001d207584b22 sp=0x00000089f97fe498 mode 0
Event: 616.105 Thread 0x000001d257c008a0 DEOPT PACKING pc=0x000001d2000c8743 sp=0x00000089f97ff000
Event: 616.105 Thread 0x000001d257c008a0 DEOPT UNPACKING pc=0x000001d207584b22 sp=0x00000089f97fe498 mode 0
Event: 616.112 Thread 0x000001d257c008a0 DEOPT PACKING pc=0x000001d2000c8743 sp=0x00000089f97ff000
Event: 616.112 Thread 0x000001d257c008a0 DEOPT UNPACKING pc=0x000001d207584b22 sp=0x00000089f97fe498 mode 0
Event: 616.126 Thread 0x000001d257c008a0 DEOPT PACKING pc=0x000001d2000c8743 sp=0x00000089f97ff000
Event: 616.126 Thread 0x000001d257c008a0 DEOPT UNPACKING pc=0x000001d207584b22 sp=0x00000089f97fe498 mode 0
Event: 616.176 Thread 0x000001d257c008a0 DEOPT PACKING pc=0x000001d2000c8743 sp=0x00000089f97ff000
Event: 616.176 Thread 0x000001d257c008a0 DEOPT UNPACKING pc=0x000001d207584b22 sp=0x00000089f97fe498 mode 0
Event: 616.204 Thread 0x000001d257c008a0 DEOPT PACKING pc=0x000001d2004d13de sp=0x00000089f97feff0
Event: 616.204 Thread 0x000001d257c008a0 DEOPT UNPACKING pc=0x000001d207584b22 sp=0x00000089f97fe4d0 mode 0
Event: 616.211 Thread 0x000001d25c446080 DEOPT PACKING pc=0x000001d2018e22bc sp=0x00000089f9efd960
Event: 616.211 Thread 0x000001d25c446080 DEOPT UNPACKING pc=0x000001d207584b22 sp=0x00000089f9efcde0 mode 0

Classes loaded (20 events):
Event: 494.366 Loading class sun/nio/cs/KOI8_R
Event: 494.367 Loading class sun/nio/cs/KOI8_R done
Event: 494.389 Loading class com/sun/org/apache/xml/internal/serializer/NamespaceMappings
Event: 494.393 Loading class com/sun/org/apache/xml/internal/serializer/NamespaceMappings done
Event: 494.394 Loading class com/sun/org/apache/xml/internal/serializer/NamespaceMappings$MappingRecord
Event: 494.394 Loading class com/sun/org/apache/xml/internal/serializer/NamespaceMappings$MappingRecord done
Event: 494.394 Loading class com/sun/org/apache/xml/internal/serializer/WriterToUTF8Buffered
Event: 494.397 Loading class com/sun/org/apache/xml/internal/serializer/WriterChain
Event: 494.398 Loading class com/sun/org/apache/xml/internal/serializer/WriterChain done
Event: 494.399 Loading class com/sun/org/apache/xml/internal/serializer/WriterToUTF8Buffered done
Event: 494.400 Loading class javax/xml/transform/stream/StreamSource
Event: 494.402 Loading class javax/xml/transform/stream/StreamSource done
Event: 494.402 Loading class javax/xml/transform/sax/SAXSource
Event: 494.404 Loading class javax/xml/transform/sax/SAXSource done
Event: 494.404 Loading class javax/xml/transform/stax/StAXSource
Event: 494.408 Loading class javax/xml/transform/stax/StAXSource done
Event: 494.408 Loading class com/sun/org/apache/xalan/internal/xsltc/trax/DOM2TO
Event: 494.419 Loading class com/sun/org/apache/xalan/internal/xsltc/trax/DOM2TO done
Event: 494.444 Loading class com/sun/org/apache/xml/internal/serializer/WriterToASCI
Event: 494.445 Loading class com/sun/org/apache/xml/internal/serializer/WriterToASCI done

Classes unloaded (0 events):
No events

Classes redefined (0 events):
No events

Internal exceptions (20 events):
Event: 544.140 Thread 0x000001d25c446080 Exception <a 'java/lang/ArrayIndexOutOfBoundsException'{0x00000000ff220fb8}> (0x00000000ff220fb8) 
thrown [s\src\hotspot\share\runtime\sharedRuntime.cpp, line 627]
Event: 544.150 Thread 0x000001d25c446080 Exception <a 'java/lang/ArrayIndexOutOfBoundsException'{0x00000000ff278640}> (0x00000000ff278640) 
thrown [s\src\hotspot\share\runtime\sharedRuntime.cpp, line 627]
Event: 544.196 Thread 0x000001d25c446080 Implicit null exception at 0x000001d208314cee to 0x000001d208314f5c
Event: 544.334 Thread 0x000001d256a4ba10 Exception <a 'java/lang/InterruptedException'{0x00000000ff197de8}> (0x00000000ff197de8) 
thrown [s\src\hotspot\share\runtime\objectMonitor.cpp, line 1678]
Event: 547.206 Thread 0x000001d2501fd700 Exception <a 'java/lang/InterruptedException'{0x00000000ffacb068}> (0x00000000ffacb068) 
thrown [s\src\hotspot\share\runtime\objectMonitor.cpp, line 1678]
Event: 575.500 Thread 0x000001d25bc7ddb0 Exception <a 'sun/nio/fs/WindowsException'{0x00000000ffc29b08}> (0x00000000ffc29b08) 
thrown [s\src\hotspot\share\prims\jni.cpp, line 520]
Event: 575.505 Thread 0x000001d25bc7ddb0 Exception <a 'sun/nio/fs/WindowsException'{0x00000000ffc2a440}> (0x00000000ffc2a440) 
thrown [s\src\hotspot\share\prims\jni.cpp, line 520]
Event: 582.969 Thread 0x000001d256a4d450 Exception <a 'sun/nio/fs/WindowsException'{0x00000000922194b0}> (0x00000000922194b0) 
thrown [s\src\hotspot\share\prims\jni.cpp, line 520]
Event: 582.971 Thread 0x000001d256a4d450 Exception <a 'sun/nio/fs/WindowsException'{0x0000000092219b70}> (0x0000000092219b70) 
thrown [s\src\hotspot\share\prims\jni.cpp, line 520]
Event: 583.916 Thread 0x000001d26ea3f620 Exception <a 'java/lang/ClassNotFoundException'{0x00000000922390d8}: sun/net/www/protocol/about/Handler> (0x00000000922390d8) 
thrown [s\src\hotspot\share\classfile\systemDictionary.cpp, line 313]
Event: 583.981 Thread 0x000001d26ea3f620 Exception <a 'java/lang/ClassNotFoundException'{0x000000009224e1e0}: sun/net/www/protocol/about/Handler> (0x000000009224e1e0) 
thrown [s\src\hotspot\share\classfile\systemDictionary.cpp, line 313]
Event: 600.343 Thread 0x000001d256a4d450 Exception <a 'sun/nio/fs/WindowsException'{0x00000000925c1268}> (0x00000000925c1268) 
thrown [s\src\hotspot\share\prims\jni.cpp, line 520]
Event: 600.353 Thread 0x000001d256a4d450 Exception <a 'sun/nio/fs/WindowsException'{0x00000000925c1928}> (0x00000000925c1928) 
thrown [s\src\hotspot\share\prims\jni.cpp, line 520]
Event: 601.918 Thread 0x000001d26ea3f620 Exception <a 'java/lang/ClassNotFoundException'{0x00000000924659b0}: sun/net/www/protocol/about/Handler> (0x00000000924659b0) 
thrown [s\src\hotspot\share\classfile\systemDictionary.cpp, line 313]
Event: 601.960 Thread 0x000001d26ea3f620 Exception <a 'java/lang/ClassNotFoundException'{0x000000009247a750}: sun/net/www/protocol/about/Handler> (0x000000009247a750) 
thrown [s\src\hotspot\share\classfile\systemDictionary.cpp, line 313]
Event: 611.604 Thread 0x000001d257bfee60 Exception <a 'java/lang/InterruptedException'{0x000000008fd9a310}> (0x000000008fd9a310) 
thrown [s\src\hotspot\share\runtime\objectMonitor.cpp, line 1678]
Event: 614.109 Thread 0x000001d26ea3f620 Exception <a 'java/lang/NoSuchMethodError'{0x00000000ffd722d0}: 'void java.lang.invoke.DirectMethodHandle$Holder.invokeStatic(java.lang.Object, java.lang.Object, java.lang.Object, int, java.lang.Object)'> (0x00000000ffd722d0) 
thrown [s\src\hotspot\share\interpreter\linkResolver.cpp, line 796]
Event: 614.259 Thread 0x000001d25c446080 Implicit null exception at 0x000001d20811691e to 0x000001d208116fc0
Event: 614.960 Thread 0x000001d26ea3f620 Exception <a 'sun/nio/fs/WindowsException'{0x0000000091fb9bb8}> (0x0000000091fb9bb8) 
thrown [s\src\hotspot\share\prims\jni.cpp, line 520]
Event: 615.549 Thread 0x000001d257c008a0 Exception <a 'sun/nio/fs/WindowsException'{0x00000000ffd807a8}> (0x00000000ffd807a8) 
thrown [s\src\hotspot\share\prims\jni.cpp, line 520]

VM Operations (20 events):
Event: 578.341 Executing VM operation: G1PauseRemark done
Event: 578.810 Executing VM operation: G1PauseCleanup
Event: 578.839 Executing VM operation: G1PauseCleanup done
Event: 598.918 Executing VM operation: G1CollectForAllocation (G1 Evacuation Pause)
Event: 599.069 Executing VM operation: G1CollectForAllocation (G1 Evacuation Pause) done
Event: 601.416 Executing VM operation: HandshakeAllThreads (HandshakeForDeflation)
Event: 601.416 Executing VM operation: HandshakeAllThreads (HandshakeForDeflation) done
Event: 601.422 Executing VM operation: RendezvousGCThreads
Event: 601.422 Executing VM operation: RendezvousGCThreads done
Event: 605.281 Executing VM operation: G1CollectForAllocation (G1 Evacuation Pause)
Event: 605.317 Executing VM operation: G1CollectForAllocation (G1 Evacuation Pause) done
Event: 612.612 Executing VM operation: G1CollectForAllocation (G1 Evacuation Pause)
Event: 612.636 Executing VM operation: G1CollectForAllocation (G1 Evacuation Pause) done
Event: 613.979 Executing VM operation: G1CollectForAllocation (G1 Evacuation Pause)
Event: 614.072 Executing VM operation: G1CollectForAllocation (G1 Evacuation Pause) done
Event: 614.603 Executing VM operation: G1CollectForAllocation (G1 Evacuation Pause)
Event: 614.652 Executing VM operation: G1CollectForAllocation (G1 Evacuation Pause) done
Event: 615.399 Executing VM operation: G1CollectForAllocation (G1 Evacuation Pause)
Event: 615.535 Executing VM operation: G1CollectForAllocation (G1 Evacuation Pause) done
Event: 616.230 Executing VM operation: G1CollectForAllocation (G1 Evacuation Pause)

Memory protections (0 events):
No events

Nmethod flushes (20 events):
Event: 578.188 Thread 0x000001d2753fc500 flushing  nmethod 0x000001d201a36708
Event: 578.188 Thread 0x000001d2753fc500 flushing  nmethod 0x000001d201a37f08
Event: 578.188 Thread 0x000001d2753fc500 flushing  nmethod 0x000001d201a38608
Event: 578.188 Thread 0x000001d2753fc500 flushing  nmethod 0x000001d201a3b408
Event: 578.188 Thread 0x000001d2753fc500 flushing  nmethod 0x000001d201a40d88
Event: 578.188 Thread 0x000001d2753fc500 flushing  nmethod 0x000001d201a48c88
Event: 578.188 Thread 0x000001d2753fc500 flushing  nmethod 0x000001d201a53d08
Event: 578.188 Thread 0x000001d2753fc500 flushing  nmethod 0x000001d201a76c88
Event: 578.188 Thread 0x000001d2753fc500 flushing  nmethod 0x000001d201a77d88
Event: 578.188 Thread 0x000001d2753fc500 flushing  nmethod 0x000001d201a78408
Event: 578.188 Thread 0x000001d2753fc500 flushing  nmethod 0x000001d201a78f88
Event: 578.188 Thread 0x000001d2753fc500 flushing  nmethod 0x000001d201a7a708
Event: 578.188 Thread 0x000001d2753fc500 flushing  nmethod 0x000001d201a7b308
Event: 578.188 Thread 0x000001d2753fc500 flushing  nmethod 0x000001d201ccf208
Event: 578.188 Thread 0x000001d2753fc500 flushing  nmethod 0x000001d201cd2c88
Event: 578.188 Thread 0x000001d2753fc500 flushing  nmethod 0x000001d201e26988
Event: 578.188 Thread 0x000001d2753fc500 flushing  nmethod 0x000001d201e27008
Event: 578.188 Thread 0x000001d2753fc500 flushing  nmethod 0x000001d201e28108
Event: 578.188 Thread 0x000001d2753fc500 flushing  nmethod 0x000001d201f1ff08
Event: 578.189 Thread 0x000001d2753fc500 flushing  nmethod 0x000001d202136f08

Events (20 events):
Event: 605.482 Thread 0x000001d257bff4f0 Thread exited: 0x000001d257bff4f0
Event: 610.812 Thread 0x000001d25c442570 Thread added: 0x000001d257bfee60
Event: 610.813 Thread 0x000001d257bfee60 Thread exited: 0x000001d257bfee60
Event: 610.975 Thread 0x000001d25b85c0d0 Thread exited: 0x000001d25b85c0d0
Event: 611.186 Thread 0x000001d26ea3f620 Thread added: 0x000001d257bfee60
Event: 611.445 Thread 0x000001d25c442570 Thread added: 0x000001d257bffb80
Event: 611.447 Thread 0x000001d257bffb80 Thread exited: 0x000001d257bffb80
Event: 611.447 Thread 0x000001d256a4d450 Thread added: 0x000001d257bffb80
Event: 611.448 Thread 0x000001d257bffb80 Thread exited: 0x000001d257bffb80
Event: 611.605 Thread 0x000001d257bfee60 Thread exited: 0x000001d257bfee60
Event: 611.951 Thread 0x000001d25c442570 Thread added: 0x000001d257bfee60
Event: 611.952 Thread 0x000001d257bfee60 Thread exited: 0x000001d257bfee60
Event: 611.965 Thread 0x000001d25c442570 Thread added: 0x000001d257bfee60
Event: 611.965 Thread 0x000001d257bfee60 Thread exited: 0x000001d257bfee60
Event: 612.453 Thread 0x000001d25c442570 Thread added: 0x000001d257bfee60
Event: 612.454 Thread 0x000001d257bfee60 Thread exited: 0x000001d257bfee60
Event: 612.966 Thread 0x000001d25c442570 Thread added: 0x000001d257bffb80
Event: 612.971 Thread 0x000001d257bffb80 Thread exited: 0x000001d257bffb80
Event: 615.650 Thread 0x000001d25bc81f50 Thread added: 0x000001d257a50520
Event: 615.878 Thread 0x000001d25bc81f50 Thread added: 0x000001d257a51f60


Dynamic libraries:
0x00007ff609670000 - 0x00007ff6096f9000 	C:\Users\rahul\eclipse\java-2024-12\eclipse\eclipse.exe
0x00007ffb91170000 - 0x00007ffb91387000 	C:\Windows\SYSTEM32\ntdll.dll
0x00007ffb8eea0000 - 0x00007ffb8ef64000 	C:\Windows\System32\KERNEL32.DLL
0x00007ffb8e480000 - 0x00007ffb8e837000 	C:\Windows\System32\KERNELBASE.dll
0x00007ffb90ce0000 - 0x00007ffb90e8f000 	C:\Windows\System32\USER32.dll
0x00007ffb8ee70000 - 0x00007ffb8ee96000 	C:\Windows\System32\win32u.dll
0x00007ffb8f5b0000 - 0x00007ffb8f5d9000 	C:\Windows\System32\GDI32.dll
0x00007ffb8eb60000 - 0x00007ffb8ec78000 	C:\Windows\System32\gdi32full.dll
0x00007ffb8eac0000 - 0x00007ffb8eb5a000 	C:\Windows\System32\msvcp_win.dll
0x00007ffb8e870000 - 0x00007ffb8e981000 	C:\Windows\System32\ucrtbase.dll
0x00007ffb703f0000 - 0x00007ffb70683000 	C:\Windows\WinSxS\amd64_microsoft.windows.common-controls_6595b64144ccf1df_6.0.22621.3672_none_2713b9d173822955\COMCTL32.dll
0x00007ffb8fac0000 - 0x00007ffb8fb67000 	C:\Windows\System32\msvcrt.dll
0x00007ffb91040000 - 0x00007ffb91071000 	C:\Windows\System32\IMM32.DLL
0x00007ffb87ee0000 - 0x00007ffb87f25000 	C:\Users\rahul\.p2\pool\plugins\org.eclipse.equinox.launcher.win32.win32.x86_64_1.2.1100.v20240722-2106\eclipse_11904.dll
0x00007ffb8ffa0000 - 0x00007ffb90052000 	C:\Windows\System32\ADVAPI32.dll
0x00007ffb8f920000 - 0x00007ffb8f9c8000 	C:\Windows\System32\sechost.dll
0x00007ffb8e840000 - 0x00007ffb8e868000 	C:\Windows\System32\bcrypt.dll
0x00007ffb8f7a0000 - 0x00007ffb8f8b4000 	C:\Windows\System32\RPCRT4.dll
0x00007ffb90e90000 - 0x00007ffb91035000 	C:\Windows\System32\ole32.dll
0x00007ffb90950000 - 0x00007ffb90cde000 	C:\Windows\System32\combase.dll
0x00007ffb83dd0000 - 0x00007ffb83dda000 	C:\Windows\SYSTEM32\VERSION.dll
0x00007ffb8b400000 - 0x00007ffb8b4b1000 	C:\Windows\system32\uxtheme.dll
0x00007ffb8fc20000 - 0x00007ffb8fd80000 	C:\Windows\System32\MSCTF.dll
0x00007ffb8d4d0000 - 0x00007ffb8d4e8000 	C:\Windows\SYSTEM32\kernel.appcore.dll
0x00007ffb8edf0000 - 0x00007ffb8ee6b000 	C:\Windows\System32\bcryptPrimitives.dll
0x00007ffb91080000 - 0x00007ffb91130000 	C:\Windows\System32\clbcatq.dll
0x00007ffb81e70000 - 0x00007ffb81fb3000 	C:\Windows\SYSTEM32\textinputframework.dll
0x00007ffb8f6a0000 - 0x00007ffb8f777000 	C:\Windows\System32\OLEAUT32.dll
0x00007ffb87110000 - 0x00007ffb87243000 	C:\Windows\SYSTEM32\CoreMessaging.dll
0x00007ffb84f60000 - 0x00007ffb852cd000 	C:\Windows\SYSTEM32\CoreUIComponents.dll
0x00007ffb8c270000 - 0x00007ffb8c3af000 	C:\Windows\SYSTEM32\wintypes.dll
0x00007ffb8dbb0000 - 0x00007ffb8dbbc000 	C:\Windows\SYSTEM32\CRYPTBASE.DLL
0x00007ffb06090000 - 0x00007ffb06e5e000 	C:\Users\rahul\.p2\pool\plugins\org.eclipse.justj.openjdk.hotspot.jre.full.win32.x86_64_23.0.2.v20250131-0604\jre\bin\server\jvm.dll
0x00007ffb90060000 - 0x00007ffb900d1000 	C:\Windows\System32\WS2_32.dll
0x00007ffb8df10000 - 0x00007ffb8df5d000 	C:\Windows\SYSTEM32\POWRPROF.dll
0x00007ffb88be0000 - 0x00007ffb88c14000 	C:\Windows\SYSTEM32\WINMM.dll
0x00007ffb886f0000 - 0x00007ffb886fc000 	C:\Windows\SYSTEM32\VCRUNTIME140_1.dll
0x00007ffb7ff90000 - 0x00007ffb7ffae000 	C:\Windows\SYSTEM32\VCRUNTIME140.dll
0x00007ffb8dd90000 - 0x00007ffb8dda3000 	C:\Windows\SYSTEM32\UMPDC.dll
0x00007ffb886e0000 - 0x00007ffb886ea000 	C:\Users\rahul\.p2\pool\plugins\org.eclipse.justj.openjdk.hotspot.jre.full.win32.x86_64_23.0.2.v20250131-0604\jre\bin\jimage.dll
0x00007ffb8be70000 - 0x00007ffb8c0a2000 	C:\Windows\SYSTEM32\DBGHELP.DLL
0x00007ffb84120000 - 0x00007ffb84152000 	C:\Windows\SYSTEM32\dbgcore.DLL
0x00007ffb7ff70000 - 0x00007ffb7ff8e000 	C:\Users\rahul\.p2\pool\plugins\org.eclipse.justj.openjdk.hotspot.jre.full.win32.x86_64_23.0.2.v20250131-0604\jre\bin\java.dll
0x00007ffb900e0000 - 0x00007ffb90949000 	C:\Windows\System32\SHELL32.dll
0x00007ffb8c3b0000 - 0x00007ffb8ccaf000 	C:\Windows\SYSTEM32\windows.storage.dll
0x00007ffb8fda0000 - 0x00007ffb8fe99000 	C:\Windows\System32\SHCORE.dll
0x00007ffb8f5e0000 - 0x00007ffb8f63e000 	C:\Windows\System32\shlwapi.dll
0x00007ffb8e3b0000 - 0x00007ffb8e3d7000 	C:\Windows\SYSTEM32\profapi.dll
0x00007ffb7f860000 - 0x00007ffb7f877000 	C:\Users\rahul\.p2\pool\plugins\org.eclipse.justj.openjdk.hotspot.jre.full.win32.x86_64_23.0.2.v20250131-0604\jre\bin\zip.dll
0x00007ffb87ed0000 - 0x00007ffb87ee0000 	C:\Users\rahul\.p2\pool\plugins\org.eclipse.justj.openjdk.hotspot.jre.full.win32.x86_64_23.0.2.v20250131-0604\jre\bin\net.dll
0x00007ffb8d940000 - 0x00007ffb8d9a9000 	C:\Windows\system32\mswsock.dll
0x00007ffb7f750000 - 0x00007ffb7f766000 	C:\Users\rahul\.p2\pool\plugins\org.eclipse.justj.openjdk.hotspot.jre.full.win32.x86_64_23.0.2.v20250131-0604\jre\bin\nio.dll
0x00007ffb81c50000 - 0x00007ffb81c60000 	C:\Users\rahul\.p2\pool\plugins\org.eclipse.justj.openjdk.hotspot.jre.full.win32.x86_64_23.0.2.v20250131-0604\jre\bin\verify.dll
0x00007ffb8db90000 - 0x00007ffb8dbab000 	C:\Windows\SYSTEM32\CRYPTSP.dll
0x00007ffb8d430000 - 0x00007ffb8d465000 	C:\Windows\system32\rsaenh.dll
0x00007ffb8da30000 - 0x00007ffb8da58000 	C:\Windows\SYSTEM32\USERENV.dll
0x00007ffb8cf50000 - 0x00007ffb8cf7d000 	C:\Windows\SYSTEM32\IPHLPAPI.DLL
0x00007ffb8fc10000 - 0x00007ffb8fc19000 	C:\Windows\System32\NSI.dll
0x00007ffb7f790000 - 0x00007ffb7f85a000 	C:\Users\rahul\eclipse\java-2024-12\eclipse\configuration\org.eclipse.osgi\424\0\.cp\swt-win32-4967r8.dll
0x00007ffb8fea0000 - 0x00007ffb8ff9f000 	C:\Windows\System32\COMDLG32.dll
0x00007ffb60860000 - 0x00007ffb60907000 	C:\Windows\SYSTEM32\WINSPOOL.DRV
0x00007ffb8a790000 - 0x00007ffb8a891000 	C:\Windows\SYSTEM32\PROPSYS.dll
0x00007ffb7cff0000 - 0x00007ffb7d059000 	C:\Windows\SYSTEM32\OLEACC.dll
0x00007ffb75db0000 - 0x00007ffb762ae000 	C:\Windows\SYSTEM32\WININET.dll
0x00007ffb77000000 - 0x00007ffb771f0000 	C:\Windows\SYSTEM32\urlmon.dll
0x00007ffb81c40000 - 0x00007ffb81c47000 	C:\Windows\SYSTEM32\MSIMG32.dll
0x00007ffb7db00000 - 0x00007ffb7db19000 	C:\Windows\SYSTEM32\USP10.dll
0x00007ffb8ba30000 - 0x00007ffb8ba5b000 	C:\Windows\SYSTEM32\dwmapi.dll
0x00007ffb8ced0000 - 0x00007ffb8cedc000 	C:\Windows\SYSTEM32\netutils.dll
0x00007ffb75900000 - 0x00007ffb75bbe000 	C:\Windows\SYSTEM32\iertutil.dll
0x00007ffb75870000 - 0x00007ffb75898000 	C:\Windows\SYSTEM32\srvcli.dll
0x00007ffb87e60000 - 0x00007ffb87e6d000 	C:\Windows\SYSTEM32\LINKINFO.dll
0x00007ffb5c650000 - 0x00007ffb5c805000 	C:\Windows\System32\TaskFlowDataEngine.dll
0x00007ffb70690000 - 0x00007ffb70740000 	C:\Windows\System32\OneCoreCommonProxyStub.dll
0x00007ffb7d690000 - 0x00007ffb7d6bc000 	C:\Users\rahul\eclipse\java-2024-12\eclipse\configuration\org.eclipse.osgi\424\0\.cp\swt-gdip-win32-4967r8.dll
0x00007ffb7f990000 - 0x00007ffb7fb4a000 	C:\Windows\WinSxS\amd64_microsoft.windows.gdiplus_6595b64144ccf1df_1.1.22621.4249_none_57fb0ed6ce180668\gdiplus.dll
0x00007ffb8b1c0000 - 0x00007ffb8b371000 	C:\Windows\SYSTEM32\WindowsCodecs.dll
0x00007ffb6e3a0000 - 0x00007ffb6e451000 	C:\Windows\SYSTEM32\TextShaping.dll
0x00007ffb64450000 - 0x00007ffb64492000 	C:\Windows\system32\mlang.dll
0x00007ffb81130000 - 0x00007ffb81147000 	C:\Windows\system32\napinsp.dll
0x00007ffb81110000 - 0x00007ffb8112b000 	C:\Windows\system32\pnrpnsp.dll
0x00007ffb8cfd0000 - 0x00007ffb8d0d2000 	C:\Windows\SYSTEM32\DNSAPI.dll
0x00007ffb810f0000 - 0x00007ffb81101000 	C:\Windows\System32\winrnr.dll
0x00007ffb883b0000 - 0x00007ffb883c5000 	C:\Windows\system32\wshbth.dll
0x00007ffb76610000 - 0x00007ffb76637000 	C:\Windows\system32\nlansp_c.dll
0x00007ffb89110000 - 0x00007ffb8911a000 	C:\Windows\System32\rasadhlp.dll
0x00007ffb88230000 - 0x00007ffb882b3000 	C:\Windows\System32\fwpuclnt.dll
0x00007ffb6d5a0000 - 0x00007ffb6d5e9000 	C:\Users\rahul\AppData\Local\Temp\jna-108274800\jna3814265650675881460.dll
0x00007ffb8fa60000 - 0x00007ffb8fa68000 	C:\Windows\System32\PSAPI.DLL
0x00007ffb80db0000 - 0x00007ffb80dbe000 	C:\Users\rahul\.p2\pool\plugins\org.eclipse.justj.openjdk.hotspot.jre.full.win32.x86_64_23.0.2.v20250131-0604\jre\bin\sunmscapi.dll
0x00007ffb8ec80000 - 0x00007ffb8ede6000 	C:\Windows\System32\CRYPT32.dll
0x00007ffb8ddf0000 - 0x00007ffb8de1d000 	C:\Windows\SYSTEM32\ncrypt.dll
0x00007ffb8ddb0000 - 0x00007ffb8dde7000 	C:\Windows\SYSTEM32\NTASN1.dll
0x00007ffb6f450000 - 0x00007ffb6f478000 	C:\Windows\SYSTEM32\edputil.dll
0x00007ffb898f0000 - 0x00007ffb89a26000 	C:\Windows\SYSTEM32\winhttp.dll
0x00007ffb89120000 - 0x00007ffb89139000 	C:\Windows\SYSTEM32\dhcpcsvc6.DLL
0x00007ffb88ef0000 - 0x00007ffb88f0f000 	C:\Windows\SYSTEM32\dhcpcsvc.DLL
0x00007ffb7cc50000 - 0x00007ffb7ccae000 	C:\Windows\system32\dataexchange.dll
0x00007ffb839f0000 - 0x00007ffb83c92000 	C:\Windows\system32\twinapi.appcore.dll
0x00007ffb86440000 - 0x00007ffb866b3000 	C:\Windows\SYSTEM32\DWrite.dll
0x00007ffb6bec0000 - 0x00007ffb6c174000 	C:\Windows\system32\explorerframe.dll
0x00007ffb8dbf0000 - 0x00007ffb8dc02000 	C:\Windows\SYSTEM32\MSASN1.dll
0x00007ffb8d9d0000 - 0x00007ffb8d9f6000 	C:\Windows\SYSTEM32\gpapi.dll
0x00007ffb7fb90000 - 0x00007ffb7fb99000 	C:\Users\rahul\.p2\pool\plugins\org.eclipse.justj.openjdk.hotspot.jre.full.win32.x86_64_23.0.2.v20250131-0604\jre\bin\extnet.dll
0x00007ffb80a60000 - 0x00007ffb80acb000 	C:\Windows\system32\Ninput.dll
0x00007ffb8e170000 - 0x00007ffb8e1be000 	C:\Windows\SYSTEM32\CFGMGR32.dll
0x00007ffb70740000 - 0x00007ffb707f6000 	C:\Windows\System32\Windows.FileExplorer.Common.dll
0x00007ffb76800000 - 0x00007ffb768a0000 	C:\Windows\SYSTEM32\ntshrui.dll
0x00007ffb8d730000 - 0x00007ffb8d773000 	C:\Windows\SYSTEM32\SspiCli.dll
0x00007ffb6d450000 - 0x00007ffb6d462000 	C:\Windows\SYSTEM32\cscapi.dll
0x00007ffb8ab10000 - 0x00007ffb8abb5000 	C:\Windows\SYSTEM32\policymanager.dll
0x00007ffb8aa10000 - 0x00007ffb8aaa3000 	C:\Windows\SYSTEM32\msvcp110_win.dll
0x00007ffb26540000 - 0x00007ffb2658b000 	C:\Windows\SYSTEM32\msIso.dll
0x00007ffb8fb70000 - 0x00007ffb8fbed000 	C:\Windows\System32\coml2.dll
0x00007ffb8e2f0000 - 0x00007ffb8e393000 	C:\Windows\SYSTEM32\sxs.dll
0x00007ffb04a60000 - 0x00007ffb06089000 	C:\Windows\System32\mshtml.dll
0x00007ffb888b0000 - 0x00007ffb888ca000 	C:\Windows\System32\wkscli.dll
0x00007ffb6d0f0000 - 0x00007ffb6d11e000 	C:\Windows\System32\srpapi.dll
0x00007ffb3ea60000 - 0x00007ffb3ef54000 	C:\Windows\System32\jscript9.dll
0x00007ffb71860000 - 0x00007ffb71877000 	C:\Windows\SYSTEM32\ondemandconnroutehelper.dll
0x00007ffb8b3c0000 - 0x00007ffb8b3cd000 	C:\Windows\SYSTEM32\WINNSI.DLL
0x00007ffb82030000 - 0x00007ffb8221d000 	C:\Windows\SYSTEM32\AudioSes.DLL
0x00007ffb763b0000 - 0x00007ffb763c7000 	C:\Windows\SYSTEM32\wtdccm.dll
0x00007ffb26980000 - 0x00007ffb27151000 	C:\Windows\System32\ieframe.dll
0x00007ffb8dcd0000 - 0x00007ffb8dd19000 	C:\Windows\SYSTEM32\WLDP.DLL
0x00007ffb6d620000 - 0x00007ffb6d633000 	C:\Windows\system32\msimtf.dll
0x00007ffb8b730000 - 0x00007ffb8b827000 	C:\Windows\System32\dxgi.dll
0x00007ffb8b6f0000 - 0x00007ffb8b727000 	C:\Windows\SYSTEM32\dxcore.dll

dbghelp: loaded successfully - version: 4.0.5 - missing functions: none
symbol engine: initialized successfully - sym options: 0x614 - pdb path: .;C:\Users\rahul\eclipse\java-2024-12\eclipse;C:\Windows\SYSTEM32;C:\Windows\WinSxS\amd64_microsoft.windows.common-controls_6595b64144ccf1df_6.0.22621.3672_none_2713b9d173822955;C:\Users\rahul\.p2\pool\plugins\org.eclipse.equinox.launcher.win32.win32.x86_64_1.2.1100.v20240722-2106;C:\Users\rahul\.p2\pool\plugins\org.eclipse.justj.openjdk.hotspot.jre.full.win32.x86_64_23.0.2.v20250131-0604\jre\bin\server;C:\Users\rahul\.p2\pool\plugins\org.eclipse.justj.openjdk.hotspot.jre.full.win32.x86_64_23.0.2.v20250131-0604\jre\bin;C:\Users\rahul\eclipse\java-2024-12\eclipse\configuration\org.eclipse.osgi\424\0\.cp;C:\Windows\WinSxS\amd64_microsoft.windows.gdiplus_6595b64144ccf1df_1.1.22621.4249_none_57fb0ed6ce180668;C:\Users\rahul\AppData\Local\Temp\jna-108274800

VM Arguments:
jvm_args: -XX:CompileCommand=exclude org.eclipse.jdt.internal.core.dom.rewrite.ASTRewriteAnalyzer::getExtendedRange -Dorg.eclipse.ecf.provider.filetransfer.excludeContributors=org.eclipse.ecf.provider.filetransfer.httpclientjava -Dosgi.requiredJavaVersion=21 -Dosgi.instance.area.default=@user.home/eclipse-workspace -Dosgi.dataAreaRequiresExplicitInit=true -Dorg.eclipse.swt.graphics.Resource.reportNonDisposed=true -Declipse.e4.inject.javax.warning=false -Xms256m -Xmx2048m -XX:+UseG1GC -XX:+UseStringDeduplication --add-modules=ALL-SYSTEM -Djava.security.manager=allow -Djavax.net.ssl.trustStoreType=Windows-ROOT -Djavax.net.ssl.trustStore=NONE -Declipse.p2.max.threads=10 -Doomph.update.url=https://download.eclipse.org/oomph/updates/milestone/latest -Doomph.redirection.index.redirection=index:/->https://raw.githubusercontent.com/eclipse-oomph/oomph/master/setups/ --add-opens=java.base/java.lang=ALL-UNNAMED 
java_command: Eclipse
java_class_path (initial): C:\Users\rahul\eclipse\java-2024-12\eclipse\\plugins/org.eclipse.equinox.launcher_1.6.900.v20240613-2009.jar
Launcher Type: generic

[Global flags]
     intx CICompilerCount                          = 4                                         {product} {ergonomic}
ccstrlist CompileCommand                           = exclude org.eclipse.jdt.internal.core.dom.rewrite.ASTRewriteAnalyzer::getExtendedRange            {product} {command line}
     uint ConcGCThreads                            = 2                                         {product} {ergonomic}
     uint G1ConcRefinementThreads                  = 8                                         {product} {ergonomic}
   size_t G1HeapRegionSize                         = 1048576                                   {product} {ergonomic}
   size_t InitialHeapSize                          = 268435456                                 {product} {command line}
   size_t MarkStackSize                            = 4194304                                   {product} {ergonomic}
   size_t MarkStackSizeMax                         = 536870912                                 {product} {ergonomic}
   size_t MaxHeapSize                              = 2147483648                                {product} {command line}
   size_t MaxNewSize                               = 1287651328                                {product} {ergonomic}
   size_t MinHeapDeltaBytes                        = 1048576                                   {product} {ergonomic}
   size_t MinHeapSize                              = 268435456                                 {product} {command line}
    uintx NonNMethodCodeHeapSize                   = 5832704                                {pd product} {ergonomic}
    uintx NonProfiledCodeHeapSize                  = 122945536                              {pd product} {ergonomic}
    uintx ProfiledCodeHeapSize                     = 122880000                              {pd product} {ergonomic}
    uintx ReservedCodeCacheSize                    = 251658240                              {pd product} {ergonomic}
     bool SegmentedCodeCache                       = true                                      {product} {ergonomic}
   size_t SoftMaxHeapSize                          = 2147483648                             {manageable} {ergonomic}
     bool UseCompressedOops                        = true                           {product lp64_product} {ergonomic}
     bool UseG1GC                                  = true                                      {product} {command line}
     bool UseLargePagesIndividualAllocation        = false                                  {pd product} {ergonomic}
     bool UseStringDeduplication                   = true                                      {product} {command line}

Logging:
Log output configuration:
 #0: stdout all=warning uptime,level,tags foldmultilines=false
 #1: stderr all=off uptime,level,tags foldmultilines=false

Environment Variables:
PATH=C:\Windows\system32;C:\Windows;C:\Windows\System32\Wbem;C:\Windows\System32\WindowsPowerShell\v1.0\;C:\Windows\System32\OpenSSH\;C:\Users\rahul\AppData\Local\Microsoft\WindowsApps;
USERNAME=rahul
OS=Windows_NT
PROCESSOR_IDENTIFIER=AMD64 Family 23 Model 160 Stepping 0, AuthenticAMD
TMP=C:\Users\rahul\AppData\Local\Temp
TEMP=C:\Users\rahul\AppData\Local\Temp




Periodic native trim disabled

---------------  S Y S T E M  ---------------

OS:
 Windows 11 , 64 bit Build 22621 (10.0.22621.3958)
OS uptime: 9 days 2:31 hours
Hyper-V role detected

CPU: total 8 (initial active 8) (8 cores per cpu, 2 threads per core) family 23 model 160 stepping 0 microcode 0x0, cx8, cmov, fxsr, ht, mmx, 3dnowpref, sse, sse2, sse3, ssse3, sse4a, sse4.1, sse4.2, popcnt, lzcnt, tsc, tscinvbit, avx, avx2, aes, clmul, bmi1, bmi2, adx, sha, fma, vzeroupper, clflush, clflushopt, hv, rdtscp, rdpid, f16c
Processor Information for the first 8 processors :
  Max Mhz: 2401, Current Mhz: 2401, Mhz Limit: 2401

Memory: 4k page, system-wide physical 3317M (194M free)
TotalPageFile size 13555M (AvailPageFile size 64M)
current process WorkingSet (physical memory assigned to process): 465M, peak: 504M
current process commit charge ("private bytes"): 1042M, peak: 1315M

vm_info: OpenJDK 64-Bit Server VM (23.0.2+7) for windows-amd64 JRE (23.0.2+7), built on 2025-01-21T00:00:00Z with MS VC++ 17.7 (VS2022)

END.
